idx,date,area,dayAvgRhm,dayAvgTa,dayAvgWs,dayMaxTa,dayMinRhm,daySumRn,daySumSs,paCropName,paCropSpeId
1,2017-01-28,평택,56,0,1,7,16,0,0,무,PA130401
2,2017-01-16,평택,59,-4,1,2,23,0,0,무,PA130401
3,,,0,0,0,0,0,0,0,,
4,2017-01-11,평택,63,-3,1,1,31,0,0,무,PA130401
5,2017-01-03,평택,82,2,1,7,58,0,0,무,PA130401
6,2017-01-07,평택,78,4,1,10,52,0,0,무,PA130401
7,2017-01-24,평택,70,-7,1,-1,43,0,0,무,PA130401
8,2017-01-14,평택,38,-6,3,-3,21,0,0,무,PA130401
9,2017-01-08,평택,63,7,2,12,43,0,0,무,PA130401
10,2017-01-05,평택,68,4,1,9,46,0,0,무,PA130401
11,2017-01-26,평택,71,-1,1,4,48,0,0,무,PA130401
12,,,0,0,0,0,0,0,0,,
13,2017-01-27,평택,58,-1,3,5,32,3,0,무,PA130401
14,2017-01-17,평택,65,-3,1,2,29,0,0,무,PA130401
15,2017-01-31,평택,71,-5,1,0,35,0,0,무,PA130401
16,,,0,0,0,0,0,0,0,,
17,2017-01-18,평택,82,0,1,4,52,0,0,무,PA130401
18,2017-01-21,평택,88,-3,1,0,66,0,0,무,PA130401
19,2017-01-20,평택,83,-3,3,0,61,2,0,무,PA130401
20,2017-01-06,평택,66,6,1,11,46,0,0,무,PA130401
21,2017-01-29,평택,79,1,1,3,45,5,0,무,PA130401
22,2017-01-22,평택,58,-6,3,-1,51,0,0,무,PA130401
23,2017-01-09,평택,70,3,3,5,52,0,0,무,PA130401
24,2017-01-30,평택,75,-3,3,0,53,0,0,무,PA130401
25,2017-01-19,평택,78,0,1,3,35,0,0,무,PA130401
26,2017-01-10,평택,58,-1,2,2,41,0,0,무,PA130401
27,2017-01-04,평택,82,3,1,9,44,0,0,무,PA130401
28,2017-01-23,평택,70,-8,2,-4,44,0,0,무,PA130401
29,2017-01-12,평택,68,0,2,2,37,1,0,무,PA130401
30,2017-01-02,평택,90,5,2,10,67,0,0,무,PA130401
31,2017-02-16,평택,71,6,1,14,38,0,0,무,PA130401
32,,,0,0,0,0,0,0,0,,
33,,,0,0,0,0,0,0,0,,
34,,,0,0,0,0,0,0,0,,
35,,,0,0,0,0,0,0,0,,
36,,,0,0,0,0,0,0,0,,
37,,,0,0,0,0,0,0,0,,
38,2017-02-24,평택,58,0,2,4,29,0,0,무,PA130401
39,2017-02-08,평택,62,-1,2,2,31,0,0,무,PA130401
40,2017-02-23,평택,61,0,4,2,37,0,0,무,PA130401
41,2017-02-05,평택,83,2,2,4,54,0,0,무,PA130401
42,2017-02-13,평택,84,0,1,6,42,0,0,무,PA130401
43,2017-02-01,평택,57,-3,2,1,29,0,0,무,PA130401
44,2017-02-20,평택,62,0,4,6,42,5,0,무,PA130401
45,2017-02-02,평택,59,-2,2,3,33,0,0,무,PA130401
46,2017-02-11,평택,52,-3,3,0,37,0,0,무,PA130401
47,2017-02-12,평택,66,-1,2,3,38,0,0,무,PA130401
48,2017-02-28,평택,54,4,1,12,27,0,0,무,PA130401
49,2017-02-07,평택,64,-1,1,4,34,0,0,무,PA130401
50,2017-02-03,평택,74,1,1,6,35,0,0,무,PA130401
51,2017-02-26,평택,70,3,1,9,27,0,0,무,PA130401
52,2017-02-27,평택,62,2,1,9,25,0,0,무,PA130401
53,2017-02-15,평택,64,1,1,9,30,0,0,무,PA130401
54,2017-02-09,평택,54,-3,4,-1,38,0,0,무,PA130401
55,2017-02-06,평택,60,0,3,2,42,0,0,무,PA130401
56,2017-02-22,평택,83,2,2,3,45,11,0,무,PA130401
57,,,0,0,0,0,0,0,0,,
58,2017-02-04,평택,76,1,1,6,40,0,0,무,PA130401
59,2017-02-14,평택,70,0,1,5,30,0,0,무,PA130401
60,2017-02-17,평택,68,2,4,11,37,3,0,무,PA130401
61,2017-02-21,평택,53,0,1,7,25,0,0,무,PA130401
62,2017-03-27,평택,73,7,2,11,39,0,0,무,PA130401
63,2017-03-06,평택,49,1,4,4,25,0,0,무,PA130401
64,2017-03-13,평택,70,5,2,11,35,0,0,무,PA130401
65,2017-03-25,평택,53,7,2,12,18,0,0,무,PA130401
66,2017-03-14,평택,61,4,2,11,28,0,0,무,PA130401
67,2017-03-04,평택,70,4,1,12,21,0,0,무,PA130401
68,2017-03-05,평택,79,5,2,10,42,0,0,무,PA130401
69,2017-03-01,평택,72,5,1,12,29,6,0,무,PA130401
70,2017-03-24,평택,59,7,1,15,23,0,0,무,PA130401
71,2017-03-09,평택,60,4,3,11,25,0,0,무,PA130401
72,,,0,0,0,0,0,0,0,,
73,2017-03-12,평택,62,7,2,14,24,0,0,무,PA130401
74,2017-03-31,평택,80,8,1,14,51,0,0,무,PA130401
75,2017-03-17,평택,59,6,1,15,23,0,0,무,PA130401
76,2017-03-26,평택,66,6,2,11,27,0,0,무,PA130401
77,2017-03-10,평택,50,4,1,12,17,0,0,무,PA130401
78,2017-03-11,평택,49,5,1,16,13,0,0,무,PA130401
79,2017-03-29,평택,57,8,2,15,23,0,0,무,PA130401
80,,,0,0,0,0,0,0,0,,
81,,,0,0,0,0,0,0,0,,
82,2017-03-22,평택,55,6,2,13,22,0,0,무,PA130401
83,2017-03-30,평택,0,0,0,0,0,0,0,무,PA130401
84,2017-03-07,평택,46,0,4,2,27,0,0,무,PA130401
85,2017-03-03,평택,63,3,1,11,32,0,0,무,PA130401
86,,,0,0,0,0,0,0,0,,
87,2017-03-18,평택,46,7,1,16,13,0,0,무,PA130401
88,2017-03-16,평택,60,4,1,12,15,0,0,무,PA130401
89,2017-03-02,평택,74,1,3,3,48,1,0,무,PA130401
90,2017-03-19,평택,53,8,1,20,15,0,0,무,PA130401
91,2017-03-21,평택,59,7,3,12,33,0,0,무,PA130401
92,2017-03-20,평택,58,9,1,15,31,0,0,무,PA130401
93,,,0,0,0,0,0,0,0,,
94,2017-04-02,평택,61,8,2,15,23,0,0,무,PA130401
95,,,0,0,0,0,0,0,0,,
96,,,0,0,0,0,0,0,0,,
97,2017-04-15,평택,65,17,2,25,27,0,0,무,PA130401
98,,,0,0,0,0,0,0,0,,
99,,,0,0,0,0,0,0,0,,
100,2017-04-17,평택,87,13,1,17,57,9,0,무,PA130401
101,2017-04-27,평택,51,13,3,19,20,0,0,무,PA130401
102,2017-04-28,평택,58,14,2,22,26,0,0,무,PA130401
103,2017-04-07,평택,81,13,1,23,44,0,0,무,PA130401
104,2017-04-05,평택,73,12,1,15,33,11,0,무,PA130401
105,2017-04-25,평택,65,15,2,23,38,0,0,무,PA130401
106,2017-04-29,평택,52,16,2,25,16,0,0,무,PA130401
107,2017-04-08,평택,90,10,2,17,60,0,0,무,PA130401
108,2017-04-20,평택,56,12,1,17,37,0,0,무,PA130401
109,2017-04-23,평택,49,14,2,23,21,0,0,무,PA130401
110,2017-04-01,평택,72,9,2,14,36,0,0,무,PA130401
111,2017-04-03,평택,47,10,2,19,17,0,0,무,PA130401
112,,,0,0,0,0,0,0,0,,
113,2017-04-14,평택,57,14,3,20,31,0,0,무,PA130401
114,2017-04-16,평택,57,18,1,26,19,0,0,무,PA130401
115,2017-04-22,평택,62,13,2,21,24,0,0,무,PA130401
116,2017-04-12,평택,23,11,3,15,13,0,0,무,PA130401
117,2017-04-26,평택,50,14,3,21,13,0,0,무,PA130401
118,2017-04-18,평택,89,11,3,18,64,3,0,무,PA130401
119,2017-04-10,평택,26,16,3,22,15,0,0,무,PA130401
120,2017-04-13,평택,55,12,2,20,23,0,0,무,PA130401
121,2017-04-09,평택,69,13,2,21,40,0,0,무,PA130401
122,2017-04-30,평택,60,19,2,28,28,0,0,무,PA130401
123,2017-04-19,평택,53,12,3,18,24,0,0,무,PA130401
124,2017-05-12,평택,78,20,1,24,57,0,0,무,PA130401
125,2017-05-16,평택,68,16,1,22,41,0,0,무,PA130401
126,2017-05-02,평택,55,19,1,27,29,0,0,무,PA130401
127,,,0,0,0,0,0,0,0,,
128,,,0,0,0,0,0,0,0,,
129,2017-05-29,평택,70,22,2,30,42,0,0,무,PA130401
130,,,0,0,0,0,0,0,0,,
131,,,0,0,0,0,0,0,0,,
132,2017-05-09,평택,75,16,2,24,40,5,0,무,PA130401
133,2017-05-03,평택,56,19,1,30,15,0,0,무,PA130401
134,2017-05-20,평택,52,19,2,26,28,0,0,무,PA130401
135,,,0,0,0,0,0,0,0,,
136,2017-05-11,평택,80,18,1,26,52,0,0,무,PA130401
137,2017-05-08,평택,55,17,1,23,30,0,0,무,PA130401
138,2017-05-01,평택,67,18,1,29,21,0,0,무,PA130401
139,2017-05-31,평택,65,22,1,29,38,0,0,무,PA130401
140,2017-05-13,평택,84,17,2,25,51,1,0,무,PA130401
141,2017-05-15,평택,68,15,3,20,43,0,0,무,PA130401
142,2017-05-28,평택,63,20,2,27,32,0,0,무,PA130401
143,2017-05-17,평택,64,17,2,25,34,0,0,무,PA130401
144,2017-05-27,평택,56,18,2,26,27,0,0,무,PA130401
145,2017-05-19,평택,54,20,2,29,27,0,0,무,PA130401
146,2017-05-26,평택,48,16,3,21,34,0,0,무,PA130401
147,2017-05-06,평택,38,15,3,21,16,0,0,무,PA130401
148,2017-05-21,평택,60,20,2,27,26,0,0,무,PA130401
149,2017-05-10,평택,85,16,2,20,58,4,0,무,PA130401
150,2017-05-04,평택,59,20,1,28,34,0,0,무,PA130401
151,2017-05-07,평택,55,16,2,23,17,0,0,무,PA130401
152,2017-05-30,평택,50,23,1,31,18,0,0,무,PA130401
153,2017-05-25,평택,62,18,3,25,27,0,0,무,PA130401
154,2017-05-24,평택,76,20,2,25,55,3,0,무,PA130401
155,,,0,0,0,0,0,0,0,,
156,,,0,0,0,0,0,0,0,,
157,,,0,0,0,0,0,0,0,,
158,,,0,0,0,0,0,0,0,,
159,,,0,0,0,0,0,0,0,,
160,2017-06-14,평택,74,21,2,26,38,0,0,무,PA130401
161,2017-06-08,평택,78,20,2,26,44,0,0,무,PA130401
162,2017-06-26,평택,77,24,1,31,46,0,0,무,PA130401
163,2017-06-29,평택,77,25,1,32,42,0,0,무,PA130401
164,,,0,0,0,0,0,0,0,,
165,2017-06-02,평택,56,19,2,25,25,0,0,무,PA130401
166,2017-06-03,평택,55,19,3,24,35,0,0,무,PA130401
167,2017-06-10,평택,58,22,2,27,20,0,0,무,PA130401
168,2017-06-01,평택,74,21,3,26,51,0,0,무,PA130401
169,2017-06-19,평택,65,23,1,32,30,0,0,무,PA130401
170,2017-06-05,평택,47,22,1,31,19,0,0,무,PA130401
171,2017-06-21,평택,66,23,2,30,42,0,0,무,PA130401
172,2017-06-11,평택,53,21,2,29,21,0,0,무,PA130401
173,2017-06-16,평택,63,24,2,33,34,0,0,무,PA130401
174,2017-06-04,평택,55,20,2,27,26,0,0,무,PA130401
175,2017-06-06,평택,67,18,2,23,39,2,0,무,PA130401
176,2017-06-30,평택,80,25,2,31,46,0,0,무,PA130401
177,,,0,0,0,0,0,0,0,,
178,2017-06-15,평택,72,22,2,30,35,0,0,무,PA130401
179,2017-06-20,평택,60,24,1,33,28,0,0,무,PA130401
180,2017-06-07,평택,98,17,2,19,91,1,0,무,PA130401
181,2017-06-28,평택,76,25,1,32,44,0,0,무,PA130401
182,2017-06-09,평택,77,21,2,28,37,0,0,무,PA130401
183,2017-06-12,평택,48,22,2,28,33,0,0,무,PA130401
184,2017-06-25,평택,78,23,1,30,46,7,0,무,PA130401
185,2017-06-13,평택,74,20,2,25,35,0,0,무,PA130401
186,,,0,0,0,0,0,0,0,,
187,2017-07-02,평택,95,26,1,30,78,25,0,무,PA130401
188,,,0,0,0,0,0,0,0,,
189,2017-07-13,평택,87,27,1,32,59,0,0,무,PA130401
190,2017-07-09,평택,93,26,1,32,69,18,0,무,PA130401
191,,,0,0,0,0,0,0,0,,
192,2017-07-01,평택,92,24,0,27,66,1,0,무,PA130401
193,2017-07-22,평택,89,29,1,33,68,0,0,무,PA130401
194,2017-07-07,평택,93,26,1,29,0,6,0,무,PA130401
195,2017-07-31,평택,99,23,1,26,81,93,0,무,PA130401
196,2017-07-19,평택,87,27,1,33,57,0,0,무,PA130401
197,,,0,0,0,0,0,0,0,,
198,2017-07-08,평택,97,25,1,29,82,27,0,무,PA130401
199,2017-07-30,평택,77,27,1,32,56,0,0,무,PA130401
200,,,0,0,0,0,0,0,0,,
201,2017-07-20,평택,82,29,1,34,57,0,0,무,PA130401
202,2017-07-29,평택,83,27,2,31,65,0,0,무,PA130401
203,2017-07-06,평택,88,26,1,35,49,1,0,무,PA130401
204,2017-07-04,평택,88,26,2,31,60,32,0,무,PA130401
205,2017-07-05,평택,78,27,1,33,42,0,0,무,PA130401
206,2017-07-03,평택,97,25,3,27,89,15,0,무,PA130401
207,2017-07-28,평택,99,25,0,27,88,21,0,무,PA130401
208,2017-07-24,평택,98,26,1,28,87,14,0,무,PA130401
209,2017-07-14,평택,85,28,1,33,57,0,0,무,PA130401
210,2017-07-21,평택,82,29,1,33,65,0,0,무,PA130401
211,2017-07-18,평택,91,26,1,30,70,0,0,무,PA130401
212,2017-07-11,평택,93,26,1,31,65,5,0,무,PA130401
213,2017-07-23,평택,95,27,1,30,84,2,0,무,PA130401
214,2017-07-15,평택,96,25,1,28,84,7,0,무,PA130401
215,2017-07-10,평택,100,25,1,27,95,78,0,무,PA130401
216,2017-07-17,평택,97,25,0,28,88,0,0,무,PA130401
217,2017-08-18,평택,85,25,1,29,63,0,0,무,PA130401
218,2017-08-13,평택,76,25,2,27,67,0,0,무,PA130401
219,,,0,0,0,0,0,0,0,,
220,,,0,0,0,0,0,0,0,,
221,2017-08-31,평택,75,21,1,28,43,0,0,무,PA130401
222,2017-08-11,평택,93,25,1,32,59,20,0,무,PA130401
223,2017-08-27,평택,76,21,1,27,44,0,0,무,PA130401
224,2017-08-16,평택,89,24,2,29,73,2,0,무,PA130401
225,2017-08-10,평택,93,25,0,28,79,13,0,무,PA130401
226,2017-08-15,평택,99,22,2,23,91,14,0,무,PA130401
227,,,0,0,0,0,0,0,0,,
228,2017-08-20,평택,96,24,2,28,77,39,0,무,PA130401
229,2017-08-05,평택,74,31,1,36,49,0,0,무,PA130401
230,2017-08-04,평택,70,29,1,34,48,0,0,무,PA130401
231,2017-08-07,평택,75,28,2,33,52,0,0,무,PA130401
232,2017-08-06,평택,80,29,1,33,63,1,0,무,PA130401
233,2017-08-17,평택,86,25,1,29,63,7,0,무,PA130401
234,,,0,0,0,0,0,0,0,,
235,2017-08-25,평택,74,25,1,30,29,0,0,무,PA130401
236,2017-08-14,평택,95,22,2,23,77,22,0,무,PA130401
237,2017-08-19,평택,88,25,1,30,65,22,0,무,PA130401
238,,,0,0,0,0,0,0,0,,
239,2017-08-22,평택,82,26,1,31,60,0,0,무,PA130401
240,2017-08-21,평택,94,24,1,28,80,16,0,무,PA130401
241,2017-08-09,평택,90,24,1,27,72,4,0,무,PA130401
242,2017-08-12,평택,74,26,1,31,55,0,0,무,PA130401
243,2017-08-08,평택,79,27,1,31,51,0,0,무,PA130401
244,2017-08-23,평택,87,27,2,31,72,59,0,무,PA130401
245,2017-08-29,평택,60,20,2,23,38,0,0,무,PA130401
246,2017-08-30,평택,67,18,1,22,45,0,0,무,PA130401
247,2017-08-26,평택,64,23,1,29,27,0,0,무,PA130401
248,,,0,0,0,0,0,0,0,,
249,,,0,0,0,0,0,0,0,,
250,2017-09-14,평택,66,20,1,28,36,0,0,무,PA130401
251,,,0,0,0,0,0,0,0,,
252,2017-09-25,평택,74,23,0,29,40,0,0,무,PA130401
253,2017-09-08,평택,76,23,1,28,52,0,0,무,PA130401
254,,,0,0,0,0,0,0,0,,
255,2017-09-04,평택,66,22,0,29,38,0,0,무,PA130401
256,2017-09-02,평택,70,21,1,28,42,0,0,무,PA130401
257,2017-09-17,평택,63,22,1,28,43,0,0,무,PA130401
258,2017-09-13,평택,67,19,1,26,34,0,0,무,PA130401
259,2017-09-07,평택,81,22,1,26,53,0,0,무,PA130401
260,,,0,0,0,0,0,0,0,,
261,2017-09-12,평택,72,21,2,26,33,0,0,무,PA130401
262,2017-09-22,평택,73,19,1,26,42,0,0,무,PA130401
263,2017-09-19,평택,80,22,2,27,62,0,0,무,PA130401
264,2017-09-09,평택,80,23,1,29,47,0,0,무,PA130401
265,2017-09-18,평택,71,20,1,27,40,0,0,무,PA130401
266,2017-09-16,평택,61,20,2,27,47,0,0,무,PA130401
267,2017-09-26,평택,70,23,1,29,0,1,0,무,PA130401
268,2017-09-05,평택,75,21,0,23,66,0,0,무,PA130401
269,,,0,0,0,0,0,0,0,,
270,2017-09-06,평택,87,20,0,23,59,1,0,무,PA130401
271,2017-09-28,평택,57,19,2,24,23,0,0,무,PA130401
272,2017-09-11,평택,87,20,1,24,64,9,0,무,PA130401
273,2017-09-29,평택,59,15,1,21,19,0,0,무,PA130401
274,2017-09-27,평택,79,20,1,26,60,15,0,무,PA130401
275,2017-09-01,평택,62,22,1,29,33,0,0,무,PA130401
276,2017-09-10,평택,87,22,1,25,73,0,0,무,PA130401
277,2017-09-03,평택,71,22,1,29,39,0,0,무,PA130401
278,2017-09-21,평택,68,18,1,26,33,0,0,무,PA130401
279,2017-10-01,평택,87,16,1,19,67,6,0,무,PA130401
280,2017-10-21,평택,68,15,1,24,30,0,0,무,PA130401
281,,,0,0,0,0,0,0,0,,
282,2017-10-18,평택,67,15,1,20,48,0,0,무,PA130401
283,2017-10-28,평택,62,16,1,25,26,0,0,무,PA130401
284,,,0,0,0,0,0,0,0,,
285,2017-10-20,평택,69,15,1,24,31,0,0,무,PA130401
286,2017-10-26,평택,66,13,1,19,34,0,0,무,PA130401
287,2017-10-07,평택,79,20,0,26,54,0,0,무,PA130401
288,2017-10-09,평택,78,21,1,27,51,0,0,무,PA130401
289,,,0,0,0,0,0,0,0,,
290,2017-10-05,평택,65,18,2,22,49,0,0,무,PA130401
291,2017-10-02,평택,79,20,1,28,52,5,0,무,PA130401
292,2017-10-03,평택,61,17,1,20,48,0,0,무,PA130401
293,2017-10-24,평택,67,12,1,20,35,0,0,무,PA130401
294,2017-10-15,평택,58,15,1,22,36,0,0,무,PA130401
295,2017-10-10,평택,83,21,0,26,56,0,0,무,PA130401
296,2017-10-04,평택,65,16,1,23,47,0,0,무,PA130401
297,2017-10-12,평택,76,12,1,13,64,0,0,무,PA130401
298,2017-10-17,평택,69,15,1,23,30,0,0,무,PA130401
299,2017-10-25,평택,73,12,1,19,43,0,0,무,PA130401
300,2017-10-13,평택,76,10,1,17,34,0,0,무,PA130401
301,2017-10-31,평택,67,8,1,16,34,0,0,무,PA130401
302,2017-10-19,평택,65,16,1,23,32,0,0,무,PA130401
303,2017-10-14,평택,62,13,1,21,23,0,0,무,PA130401
304,2017-10-29,평택,58,11,3,17,32,0,0,무,PA130401
305,,,0,0,0,0,0,0,0,,
306,2017-10-27,평택,66,15,0,23,24,0,0,무,PA130401
307,2017-10-06,평택,73,17,1,22,57,0,0,무,PA130401
308,,,0,0,0,0,0,0,0,,
309,2017-10-23,평택,58,12,1,20,32,0,0,무,PA130401
310,2017-11-20,평택,67,1,1,7,28,0,0,무,PA130401
311,2017-11-04,평택,58,7,2,13,41,0,0,무,PA130401
312,2017-11-21,평택,72,0,0,7,36,0,0,무,PA130401
313,2017-11-06,평택,74,8,1,16,44,0,0,무,PA130401
314,2017-11-07,평택,70,13,1,21,42,0,0,무,PA130401
315,2017-11-08,평택,65,13,2,17,27,0,0,무,PA130401
316,,,0,0,0,0,0,0,0,,
317,2017-11-13,평택,69,7,1,12,45,0,0,무,PA130401
318,2017-11-18,평택,41,0,3,4,24,0,0,무,PA130401
319,2017-11-25,평택,77,4,2,11,56,13,0,무,PA130401
320,2017-11-22,평택,65,4,2,11,47,1,0,무,PA130401
321,2017-11-14,평택,49,8,2,12,25,0,0,무,PA130401
322,,,0,0,0,0,0,0,0,,
323,2017-11-23,평택,72,0,1,5,42,1,0,무,PA130401
324,2017-11-03,평택,73,10,2,16,46,0,0,무,PA130401
325,2017-11-12,평택,70,4,1,11,28,0,0,무,PA130401
326,2017-11-24,평택,85,0,1,2,46,6,0,무,PA130401
327,2017-11-10,평택,65,9,2,17,44,4,0,무,PA130401
328,2017-11-09,평택,57,8,1,16,23,0,0,무,PA130401
329,2017-11-15,평택,50,5,2,8,27,0,0,무,PA130401
330,2017-11-27,평택,76,2,1,8,45,0,0,무,PA130401
331,2017-11-02,평택,79,14,1,19,55,0,0,무,PA130401
332,2017-11-17,평택,55,2,1,6,25,0,0,무,PA130401
333,2017-11-11,평택,52,5,2,10,36,0,0,무,PA130401
334,2017-11-30,평택,34,0,3,2,17,0,0,무,PA130401
335,2017-11-29,평택,53,4,2,8,34,0,0,무,PA130401
336,2017-11-19,평택,43,0,1,4,27,0,0,무,PA130401
337,2017-11-16,평택,54,1,1,6,29,0,0,무,PA130401
338,2017-11-01,평택,75,13,1,19,53,0,0,무,PA130401
339,,,0,0,0,0,0,0,0,,
340,,,0,0,0,0,0,0,0,,
341,2017-12-14,평택,54,-6,1,0,19,0,0,무,PA130401
342,2017-12-12,평택,42,-7,3,-3,22,0,0,무,PA130401
343,,,0,0,0,0,0,0,0,,
344,2017-12-20,평택,72,-2,1,3,39,0,0,무,PA130401
345,,,0,0,0,0,0,0,0,,
346,,,0,0,0,0,0,0,0,,
347,2017-12-15,평택,53,-2,1,2,19,0,0,무,PA130401
348,,,0,0,0,0,0,0,0,,
349,2017-12-02,평택,67,1,1,8,37,0,0,무,PA130401
350,2017-12-10,평택,69,3,3,8,40,1,0,무,PA130401
351,2017-12-18,평택,61,0,2,6,37,0,0,무,PA130401
352,2017-12-01,평택,49,-1,1,2,25,0,0,무,PA130401
353,2017-12-06,평택,77,0,1,5,50,0,0,무,PA130401
354,2017-12-07,평택,72,1,1,5,31,0,0,무,PA130401
355,2017-12-17,평택,47,-5,1,-1,28,0,0,무,PA130401
356,2017-12-30,평택,81,2,1,6,56,3,0,무,PA130401
357,2017-12-03,평택,80,3,1,9,66,0,0,무,PA130401
358,2017-12-08,평택,49,-2,2,0,34,0,0,무,PA130401
359,2017-12-21,평택,75,0,1,4,37,0,0,무,PA130401
360,2017-12-26,평택,56,-2,3,0,27,0,0,무,PA130401
361,2017-12-24,평택,82,3,2,6,62,12,0,무,PA130401
362,2017-12-29,평택,72,2,1,6,59,0,0,무,PA130401
363,2017-12-09,평택,54,0,1,3,40,0,0,무,PA130401
364,2017-12-05,평택,46,-3,2,0,26,0,0,무,PA130401
365,2017-12-27,평택,41,-5,2,-2,20,0,0,무,PA130401
366,2017-12-28,평택,55,-1,1,2,27,0,0,무,PA130401
367,2017-12-11,평택,46,-4,4,0,35,0,0,무,PA130401
368,2017-12-04,평택,58,0,3,3,26,0,0,무,PA130401
369,2017-12-13,평택,43,-7,2,-2,26,0,0,무,PA130401
370,,,0,0,0,0,0,0,0,,
371,2017-12-16,평택,45,-3,3,0,23,0,0,무,PA130401
372,2018-01-02,평택,59,-1,1,2,29,0,0,무,PA130401
373,,,0,0,0,0,0,0,0,,
374,,,0,0,0,0,0,0,0,,
375,2018-01-17,평택,85,3,0,6,72,3,0,무,PA130401
376,2018-01-08,평택,67,1,2,3,51,1,0,무,PA130401
377,2018-01-22,평택,63,1,2,6,43,0,0,무,PA130401
378,2018-01-18,평택,77,2,0,5,58,0,0,무,PA130401
379,,,0,0,0,0,0,0,0,,
380,2018-01-07,평택,58,-1,0,3,37,0,0,무,PA130401
381,,,0,0,0,0,0,0,0,,
382,2018-01-09,평택,76,-3,3,0,58,0,0,무,PA130401
383,2018-01-01,평택,62,-1,1,3,31,0,0,무,PA130401
384,2018-01-04,평택,51,-3,1,0,33,0,0,무,PA130401
385,2018-01-21,평택,70,0,0,4,16,0,0,무,PA130401
386,2018-01-06,평택,68,-2,1,2,37,0,0,무,PA130401
387,2018-01-31,평택,47,-1,1,1,22,0,0,무,PA130401
388,,,0,0,0,0,0,0,0,,
389,,,0,0,0,0,0,0,0,,
390,2018-01-23,평택,43,-9,4,-2,23,0,0,무,PA130401
391,,,0,0,0,0,0,0,0,,
392,2018-01-15,평택,72,3,0,7,51,0,0,무,PA130401
393,2018-01-16,평택,78,2,0,6,61,0,0,무,PA130401
394,2018-01-12,평택,62,-10,0,-6,41,0,0,무,PA130401
395,,,0,0,0,0,0,0,0,,
396,2018-01-03,평택,47,-3,2,0,32,0,0,무,PA130401
397,2018-01-14,평택,71,0,0,5,48,0,0,무,PA130401
398,,,0,0,0,0,0,0,0,,
399,2018-01-19,평택,60,0,0,4,28,0,0,무,PA130401
400,2018-01-13,평택,79,-4,0,0,63,0,0,무,PA130401
401,,,0,0,0,0,0,0,0,,
402,,,0,0,0,0,0,0,0,,
403,2018-02-03,평택,50,-5,4,-2,34,0,0,무,PA130401
404,,,0,0,0,0,0,0,0,,
405,2018-02-11,평택,59,-5,2,-1,21,0,0,무,PA130401
406,2018-02-04,평택,42,-8,3,-5,31,0,0,무,PA130401
407,2018-02-15,평택,42,0,2,3,18,0,0,무,PA130401
408,2018-02-14,평택,58,3,3,10,47,0,0,무,PA130401
409,,,0,0,0,0,0,0,0,,
410,2018-02-08,평택,51,-4,1,3,19,0,0,무,PA130401
411,2018-02-28,평택,73,5,2,9,44,26,0,무,PA130401
412,2018-02-25,평택,46,1,1,7,10,0,0,무,PA130401
413,,,0,0,0,0,0,0,0,,
414,2018-02-16,평택,54,-1,2,4,19,0,0,무,PA130401
415,2018-02-01,평택,51,-3,1,2,18,0,0,무,PA130401
416,2018-02-10,평택,50,0,3,4,20,0,0,무,PA130401
417,2018-02-17,평택,37,-2,2,1,13,0,0,무,PA130401
418,2018-02-26,평택,52,1,1,10,18,0,0,무,PA130401
419,,,0,0,0,0,0,0,0,,
420,2018-02-24,평택,59,2,2,7,14,0,0,무,PA130401
421,2018-02-12,평택,66,-6,2,-1,44,0,0,무,PA130401
422,,,0,0,0,0,0,0,0,,
423,2018-02-21,평택,38,-1,2,4,12,0,0,무,PA130401
424,2018-02-20,평택,58,1,1,6,18,0,0,무,PA130401
425,2018-02-02,평택,59,-3,1,3,28,0,0,무,PA130401
426,2018-02-19,평택,59,0,1,6,36,0,0,무,PA130401
427,2018-02-09,평택,50,0,1,7,24,0,0,무,PA130401
428,2018-02-22,평택,56,0,2,7,31,0,0,무,PA130401
429,,,0,0,0,0,0,0,0,,
430,2018-02-18,평택,41,-1,1,4,18,0,0,무,PA130401
431,2018-02-23,평택,69,5,2,11,39,0,0,무,PA130401
432,2018-02-13,평택,67,-1,1,4,43,0,0,무,PA130401
433,,,0,0,0,0,0,0,0,,
434,2018-03-18,평택,67,7,0,11,47,2,0,무,PA130401
435,,,0,0,0,0,0,0,0,,
436,,,0,0,0,0,0,0,0,,
437,2018-03-24,평택,71,7,2,14,32,0,0,무,PA130401
438,2018-03-30,평택,63,13,2,20,29,0,0,무,PA130401
439,2018-03-20,평택,42,6,3,12,29,0,0,무,PA130401
440,2018-03-05,평택,68,6,2,11,41,12,0,무,PA130401
441,2018-03-07,평택,62,6,2,11,37,3,0,무,PA130401
442,,,0,0,0,0,0,0,0,,
443,2018-03-03,평택,45,8,1,17,15,0,0,무,PA130401
444,2018-03-02,평택,41,0,1,6,15,0,0,무,PA130401
445,,,0,0,0,0,0,0,0,,
446,2018-03-06,평택,63,3,1,10,23,0,0,무,PA130401
447,2018-03-12,평택,60,7,1,16,29,0,0,무,PA130401
448,2018-03-28,평택,67,14,2,21,33,0,0,무,PA130401
449,2018-03-19,평택,77,8,2,10,56,5,0,무,PA130401
450,2018-03-08,평택,82,3,2,8,57,8,0,무,PA130401
451,2018-03-01,평택,66,0,5,3,44,2,0,무,PA130401
452,2018-03-27,평택,71,12,2,21,38,0,0,무,PA130401
453,2018-03-11,평택,64,6,1,12,21,0,0,무,PA130401
454,2018-03-16,평택,58,7,2,12,35,0,0,무,PA130401
455,2018-03-04,평택,72,12,1,19,51,9,0,무,PA130401
456,2018-03-09,평택,68,4,1,9,45,0,0,무,PA130401
457,,,0,0,0,0,0,0,0,,
458,2018-03-13,평택,69,11,2,19,37,0,0,무,PA130401
459,2018-03-14,평택,66,15,2,22,39,0,0,무,PA130401
460,2018-03-26,평택,76,10,1,19,38,0,0,무,PA130401
461,2018-03-25,평택,73,9,1,17,32,0,0,무,PA130401
462,2018-03-21,평택,73,1,2,3,44,2,0,무,PA130401
463,2018-03-31,평택,61,13,1,21,32,0,0,무,PA130401
464,2018-03-22,평택,69,4,2,10,29,0,0,무,PA130401
465,2018-04-14,평택,83,8,2,13,23,12,0,무,PA130401
466,2018-04-26,평택,61,13,2,22,23,0,0,무,PA130401
467,2018-04-27,평택,64,14,1,22,33,0,0,무,PA130401
468,2018-04-11,평택,52,12,3,17,23,0,0,무,PA130401
469,2018-04-05,평택,93,8,2,10,70,21,0,무,PA130401
470,2018-04-02,평택,69,17,2,24,39,0,0,무,PA130401
471,,,0,0,0,0,0,0,0,,
472,2018-04-18,평택,48,11,1,19,13,0,0,무,PA130401
473,2018-04-09,평택,55,9,1,16,18,0,0,무,PA130401
474,2018-04-06,평택,71,6,4,9,35,10,0,무,PA130401
475,2018-04-17,평택,54,11,1,20,27,0,0,무,PA130401
476,2018-04-12,평택,47,11,2,18,22,0,0,무,PA130401
477,2018-04-07,평택,46,5,5,8,22,0,0,무,PA130401
478,2018-04-23,평택,95,10,3,13,66,60,0,무,PA130401
479,2018-04-21,평택,51,17,1,26,13,0,0,무,PA130401
480,2018-04-25,평택,52,13,1,22,22,0,0,무,PA130401
481,2018-04-15,평택,72,8,3,13,45,0,0,무,PA130401
482,2018-04-24,평택,68,12,1,16,37,0,0,무,PA130401
483,2018-04-20,평택,54,16,1,27,29,0,0,무,PA130401
484,2018-04-13,평택,40,13,2,20,16,0,0,무,PA130401
485,2018-04-19,평택,48,13,1,22,13,0,0,무,PA130401
486,2018-04-01,평택,71,14,1,19,48,0,0,무,PA130401
487,2018-04-03,평택,70,18,2,24,50,0,0,무,PA130401
488,2018-04-08,평택,56,7,2,12,24,0,0,무,PA130401
489,,,0,0,0,0,0,0,0,,
490,,,0,0,0,0,0,0,0,,
491,2018-04-10,평택,51,16,2,24,27,1,0,무,PA130401
492,2018-04-29,평택,57,15,1,24,27,0,0,무,PA130401
493,2018-04-16,평택,57,10,1,18,34,0,0,무,PA130401
494,2018-04-22,평택,66,15,2,19,46,1,0,무,PA130401
495,,,0,0,0,0,0,0,0,,
496,2018-05-16,평택,86,24,1,26,74,1,0,무,PA130401
497,2018-05-10,평택,74,14,2,22,45,0,0,무,PA130401
498,2018-05-18,평택,93,17,2,20,76,2,0,무,PA130401
499,2018-05-28,평택,65,20,1,30,38,0,0,무,PA130401
500,2018-05-12,평택,95,14,1,16,64,29,0,무,PA130401
501,2018-05-04,평택,46,14,4,20,20,0,0,무,PA130401
502,2018-05-17,평택,93,22,1,25,79,15,0,무,PA130401
503,2018-05-07,평택,70,18,1,24,44,0,0,무,PA130401
504,2018-05-02,평택,88,15,2,21,70,9,0,무,PA130401
505,2018-05-08,평택,61,17,2,23,43,0,0,무,PA130401
506,2018-05-30,평택,82,19,2,26,54,5,0,무,PA130401
507,2018-05-21,평택,61,17,2,23,46,0,0,무,PA130401
508,2018-05-06,평택,94,15,1,19,65,24,0,무,PA130401
509,2018-05-11,평택,64,16,1,22,23,0,0,무,PA130401
510,2018-05-13,평택,86,15,2,19,62,1,0,무,PA130401
511,2018-05-05,평택,55,17,2,25,23,0,0,무,PA130401
512,2018-05-25,평택,54,19,1,26,23,0,0,무,PA130401
513,2018-05-15,평택,68,23,1,29,39,0,0,무,PA130401
514,2018-05-20,평택,49,16,1,22,32,0,0,무,PA130401
515,2018-05-23,평택,69,17,3,22,40,8,0,무,PA130401
516,2018-05-22,평택,79,18,1,24,47,12,0,무,PA130401
517,2018-05-24,평택,58,18,2,25,30,0,0,무,PA130401
518,2018-05-31,평택,70,19,1,26,49,0,0,무,PA130401
519,2018-05-14,평택,77,18,1,25,52,0,0,무,PA130401
520,2018-05-27,평택,64,19,1,25,43,0,0,무,PA130401
521,2018-05-19,평택,61,17,2,23,41,0,0,무,PA130401
522,2018-05-01,평택,75,20,1,24,55,0,0,무,PA130401
523,2018-05-09,평택,59,15,2,22,33,0,0,무,PA130401
524,2018-05-26,평택,61,20,1,29,26,0,0,무,PA130401
525,2018-05-03,평택,63,11,4,16,35,0,0,무,PA130401
526,2018-05-29,평택,75,21,1,27,53,2,0,무,PA130401
527,2018-06-06,평택,72,22,2,29,49,0,0,무,PA130401
528,2018-06-04,평택,63,21,1,27,37,0,0,무,PA130401
529,2018-06-23,평택,62,23,2,30,32,0,0,무,PA130401
530,2018-06-05,평택,62,23,1,29,37,0,0,무,PA130401
531,2018-06-03,평택,57,22,1,30,22,0,0,무,PA130401
532,2018-06-24,평택,64,25,2,33,24,0,0,무,PA130401
533,2018-06-08,평택,71,21,2,26,55,0,0,무,PA130401
534,2018-06-15,평택,67,21,2,26,46,11,0,무,PA130401
535,2018-06-14,평택,72,21,2,26,54,0,0,무,PA130401
536,2018-06-11,평택,69,20,1,24,53,12,0,무,PA130401
537,2018-06-17,평택,74,21,1,28,46,0,0,무,PA130401
538,,,0,0,0,0,0,0,0,,
539,2018-06-13,평택,75,21,1,26,53,0,0,무,PA130401
540,2018-06-02,평택,57,21,1,29,22,0,0,무,PA130401
541,2018-06-18,평택,66,23,1,30,43,0,0,무,PA130401
542,2018-06-19,평택,74,21,1,24,57,0,0,무,PA130401
543,2018-06-09,평택,68,22,2,29,45,0,0,무,PA130401
544,2018-06-01,평택,62,22,2,29,35,0,0,무,PA130401
545,2018-06-28,평택,91,23,1,26,78,9,0,무,PA130401
546,2018-06-16,평택,60,21,2,28,34,0,0,무,PA130401
547,2018-06-12,평택,74,20,1,26,50,2,0,무,PA130401
548,2018-06-30,평택,89,23,1,29,63,5,0,무,PA130401
549,2018-06-10,평택,64,21,3,26,47,1,0,무,PA130401
550,2018-06-29,평택,78,25,1,29,57,0,0,무,PA130401
551,2018-06-26,평택,90,22,2,25,50,101,0,무,PA130401
552,2018-06-20,평택,73,22,2,28,48,0,0,무,PA130401
553,2018-06-22,평택,56,24,1,32,26,0,0,무,PA130401
554,2018-06-25,평택,64,25,1,33,33,0,0,무,PA130401
555,2018-06-27,평택,81,23,2,29,57,0,0,무,PA130401
556,2018-06-21,평택,64,22,2,28,33,0,0,무,PA130401
557,2018-06-07,평택,75,21,1,29,36,0,0,무,PA130401
558,2018-07-08,평택,65,22,2,27,51,0,0,무,PA130401
559,2018-07-03,평택,79,26,1,32,58,0,0,무,PA130401
560,2018-07-05,평택,84,25,1,31,56,22,0,무,PA130401
561,2018-07-12,평택,79,27,1,31,64,0,0,무,PA130401
562,2018-07-20,평택,72,27,1,35,48,0,0,무,PA130401
563,2018-07-13,평택,76,28,1,32,58,0,0,무,PA130401
564,2018-07-21,평택,65,29,1,36,31,0,0,무,PA130401
565,2018-07-22,평택,66,29,1,37,41,0,0,무,PA130401
566,2018-07-23,평택,68,30,1,35,44,0,0,무,PA130401
567,2018-07-04,평택,77,26,2,31,56,0,0,무,PA130401
568,2018-07-15,평택,77,27,1,33,48,0,0,무,PA130401
569,2018-07-14,평택,75,27,1,32,56,0,0,무,PA130401
570,2018-07-25,평택,72,29,1,34,56,0,0,무,PA130401
571,2018-07-06,평택,70,23,2,28,54,0,0,무,PA130401
572,2018-07-24,평택,73,30,1,36,46,0,0,무,PA130401
573,2018-07-29,평택,63,30,1,35,43,0,0,무,PA130401
574,2018-07-27,평택,79,29,1,36,50,0,0,무,PA130401
575,2018-07-31,평택,62,30,1,37,39,0,0,무,PA130401
576,2018-07-26,평택,75,29,1,34,53,0,0,무,PA130401
577,2018-07-09,평택,95,20,2,22,71,23,0,무,PA130401
578,2018-07-18,평택,76,27,1,34,47,0,0,무,PA130401
579,2018-07-07,평택,62,23,1,29,48,0,0,무,PA130401
580,2018-07-16,평택,73,27,1,34,40,0,0,무,PA130401
581,2018-07-30,평택,64,30,1,35,46,0,0,무,PA130401
582,2018-07-11,평택,78,27,1,31,61,0,0,무,PA130401
583,2018-07-10,평택,88,24,1,28,75,1,0,무,PA130401
584,2018-07-19,평택,74,27,1,33,49,0,0,무,PA130401
585,2018-07-01,평택,99,21,2,23,92,116,0,무,PA130401
586,2018-07-02,평택,95,23,1,27,75,75,0,무,PA130401
587,2018-07-17,평택,76,27,1,32,53,0,0,무,PA130401
588,2018-07-28,평택,87,28,1,35,57,11,0,무,PA130401
589,2018-08-05,평택,77,29,2,34,52,0,0,무,PA130401
590,2018-08-02,평택,66,31,1,39,39,0,0,무,PA130401
591,2018-08-17,평택,50,26,3,33,34,0,0,무,PA130401
592,2018-08-03,평택,64,31,1,38,37,0,0,무,PA130401
593,2018-08-12,평택,65,30,2,35,46,0,0,무,PA130401
594,2018-08-23,평택,69,28,2,34,50,3,0,무,PA130401
595,2018-08-31,평택,82,23,1,28,53,3,0,무,PA130401
596,2018-08-19,평택,60,26,1,33,31,0,0,무,PA130401
597,2018-08-13,평택,68,31,1,38,42,0,0,무,PA130401
598,2018-08-20,평택,62,28,1,34,43,0,0,무,PA130401
599,2018-08-25,평택,80,24,1,27,64,0,0,무,PA130401
600,2018-08-26,평택,89,20,1,23,74,9,0,무,PA130401
601,2018-08-27,평택,99,22,0,24,94,106,0,무,PA130401
602,2018-08-24,평택,90,24,2,26,75,16,0,무,PA130401
603,2018-08-18,평택,52,26,2,34,28,0,0,무,PA130401
604,2018-08-06,평택,75,30,1,35,46,0,0,무,PA130401
605,2018-08-07,평택,71,30,1,36,53,0,0,무,PA130401
606,2018-08-08,평택,74,29,2,36,44,0,0,무,PA130401
607,2018-08-04,평택,72,29,2,35,50,0,0,무,PA130401
608,2018-08-01,평택,67,31,1,38,42,0,0,무,PA130401
609,2018-08-28,평택,99,24,0,26,92,48,0,무,PA130401
610,2018-08-11,평택,67,29,2,36,44,0,0,무,PA130401
611,2018-08-30,평택,93,25,1,29,69,59,0,무,PA130401
612,2018-08-21,평택,79,25,1,30,59,3,0,무,PA130401
613,2018-08-09,평택,80,29,1,34,54,0,0,무,PA130401
614,2018-08-10,평택,73,30,1,36,46,0,0,무,PA130401
615,2018-08-29,평택,81,26,1,31,54,2,0,무,PA130401
616,2018-08-15,평택,61,32,1,39,32,0,0,무,PA130401
617,2018-08-16,평택,57,29,2,37,40,0,0,무,PA130401
618,2018-08-22,평택,62,30,1,39,36,0,0,무,PA130401
619,2018-08-14,평택,65,31,1,38,37,0,0,무,PA130401
620,,,0,0,0,0,0,0,0,,
621,,,0,0,0,0,0,0,0,,
622,,,0,0,0,0,0,0,0,,
623,,,0,0,0,0,0,0,0,,
624,,,0,0,0,0,0,0,0,,
625,,,0,0,0,0,0,0,0,,
626,,,0,0,0,0,0,0,0,,
627,,,0,0,0,0,0,0,0,,
628,2018-09-27,평택,58,18,1,25,37,0,0,무,PA130401
629,2018-09-12,평택,64,21,1,28,44,0,0,무,PA130401
630,2018-09-07,평택,68,20,2,25,43,3,0,무,PA130401
631,2018-09-24,평택,63,17,2,22,28,0,0,무,PA130401
632,,,0,0,0,0,0,0,0,,
633,,,0,0,0,0,0,0,0,,
634,2018-09-18,평택,69,20,1,27,27,0,0,무,PA130401
635,2018-09-05,평택,68,23,2,28,34,0,0,무,PA130401
636,2018-09-21,평택,94,18,1,21,80,39,0,무,PA130401
637,,,0,0,0,0,0,0,0,,
638,2018-09-29,평택,67,19,1,27,35,0,0,무,PA130401
639,2018-09-10,평택,60,21,1,28,41,0,0,무,PA130401
640,,,0,0,0,0,0,0,0,,
641,,,0,0,0,0,0,0,0,,
642,2018-09-25,평택,63,17,1,24,35,0,0,무,PA130401
643,2018-09-11,평택,59,20,2,26,44,0,0,무,PA130401
644,2018-09-08,평택,64,20,1,28,30,0,0,무,PA130401
645,2018-09-19,평택,68,21,1,25,46,0,0,무,PA130401
646,2018-09-04,평택,78,23,2,27,55,0,0,무,PA130401
647,2018-09-17,평택,75,21,1,26,45,0,0,무,PA130401
648,2018-09-13,평택,73,22,1,27,58,0,0,무,PA130401
649,2018-09-20,평택,88,19,1,20,59,3,0,무,PA130401
650,2018-09-23,평택,68,19,1,25,26,0,0,무,PA130401
651,,,0,0,0,0,0,0,0,,
652,,,0,0,0,0,0,0,0,,
653,2018-10-11,평택,59,10,2,15,29,0,0,무,PA130401
654,,,0,0,0,0,0,0,0,,
655,,,0,0,0,0,0,0,0,,
656,2018-10-24,평택,77,11,1,18,40,0,0,무,PA130401
657,,,0,0,0,0,0,0,0,,
658,,,0,0,0,0,0,0,0,,
659,2018-10-03,평택,72,15,1,24,33,0,0,무,PA130401
660,,,0,0,0,0,0,0,0,,
661,2018-10-23,평택,86,11,1,19,56,1,0,무,PA130401
662,2018-10-07,평택,68,16,2,20,38,0,0,무,PA130401
663,2018-10-26,평택,81,11,1,14,52,10,0,무,PA130401
664,2018-10-28,평택,71,10,2,17,53,5,0,무,PA130401
665,2018-10-27,평택,62,9,3,13,42,3,0,무,PA130401
666,2018-10-08,평택,65,13,1,21,24,0,0,무,PA130401
667,2018-10-05,평택,93,16,1,18,66,34,0,무,PA130401
668,2018-10-17,평택,68,11,1,18,23,0,0,무,PA130401
669,2018-10-19,평택,73,11,1,19,24,0,0,무,PA130401
670,2018-10-31,평택,71,7,1,11,34,0,0,무,PA130401
671,,,0,0,0,0,0,0,0,,
672,2018-10-01,평택,76,14,2,19,37,4,0,무,PA130401
673,2018-10-29,평택,74,8,2,13,53,1,0,무,PA130401
674,2018-10-02,평택,74,14,1,21,36,0,0,무,PA130401
675,,,0,0,0,0,0,0,0,,
676,,,0,0,0,0,0,0,0,,
677,,,0,0,0,0,0,0,0,,
678,2018-10-13,평택,70,11,1,19,35,0,0,무,PA130401
679,,,0,0,0,0,0,0,0,,
680,,,0,0,0,0,0,0,0,,
681,2018-10-10,평택,55,13,3,16,37,0,0,무,PA130401
682,,,0,0,0,0,0,0,0,,
683,,,0,0,0,0,0,0,0,,
684,,,0,0,0,0,0,0,0,,
685,,,0,0,0,0,0,0,0,,
686,2018-11-06,평택,83,11,1,16,56,0,0,무,PA130401
687,,,0,0,0,0,0,0,0,,
688,,,0,0,0,0,0,0,0,,
689,2018-11-07,평택,88,13,0,15,73,1,0,무,PA130401
690,,,0,0,0,0,0,0,0,,
691,,,0,0,0,0,0,0,0,,
692,,,0,0,0,0,0,0,0,,
693,,,0,0,0,0,0,0,0,,
694,,,0,0,0,0,0,0,0,,
695,,,0,0,0,0,0,0,0,,
696,2018-11-17,평택,63,5,1,10,38,0,0,무,PA130401
697,2018-11-24,평택,75,4,2,8,31,9,0,무,PA130401
698,2018-11-15,평택,73,8,1,16,38,0,0,무,PA130401
699,2018-11-23,평택,44,2,1,7,22,0,0,무,PA130401
700,2018-11-01,평택,70,7,1,15,29,0,0,무,PA130401
701,2018-11-03,평택,70,10,1,19,24,0,0,무,PA130401
702,,,0,0,0,0,0,0,0,,
703,2018-11-04,평택,75,9,1,18,28,0,0,무,PA130401
704,2018-11-09,평택,73,12,3,15,49,0,0,무,PA130401
705,,,0,0,0,0,0,0,0,,
706,2018-11-18,평택,66,6,1,11,43,0,0,무,PA130401
707,2018-11-05,평택,82,9,1,17,50,0,0,무,PA130401
708,2018-11-30,평택,62,2,1,8,27,0,0,무,PA130401
709,2018-11-14,평택,74,8,1,16,38,0,0,무,PA130401
710,2018-11-25,평택,82,6,1,11,51,0,0,무,PA130401
711,2018-11-16,평택,77,8,1,14,47,0,0,무,PA130401
712,2018-11-13,평택,76,7,1,14,44,0,0,무,PA130401
713,,,0,0,0,0,0,0,0,,
714,,,0,0,0,0,0,0,0,,
715,,,0,0,0,0,0,0,0,,
716,,,0,0,0,0,0,0,0,,
717,,,0,0,0,0,0,0,0,,
718,2018-12-17,평택,0,0,0,0,47,0,0,무,PA130401
719,,,0,0,0,0,0,0,0,,
720,,,0,0,0,0,0,0,0,,
721,,,0,0,0,0,0,0,0,,
722,2018-12-12,평택,49,-1,2,2,20,0,0,무,PA130401
723,,,0,0,0,0,0,0,0,,
724,2018-12-10,평택,46,-2,1,5,15,0,0,무,PA130401
725,,,0,0,0,0,0,0,0,,
726,2018-12-23,평택,50,3,2,8,27,0,0,무,PA130401
727,2018-12-21,평택,60,4,1,10,38,0,0,무,PA130401
728,2018-12-16,평택,66,0,1,5,49,0,0,무,PA130401
729,,,0,0,0,0,0,0,0,,
730,2018-12-05,평택,48,1,1,4,37,0,0,무,PA130401
731,,,0,0,0,0,0,0,0,,
732,,,0,0,0,0,0,0,0,,
733,2018-12-19,평택,67,3,1,9,37,0,0,무,PA130401
734,2018-12-04,평택,80,7,3,12,46,8,0,무,PA130401
735,,,0,0,0,0,0,0,0,,
736,2018-12-03,평택,95,12,1,14,62,21,0,무,PA130401
737,2018-12-24,평택,50,-1,1,2,32,0,0,무,PA130401
738,2018-12-11,평택,62,0,0,2,33,0,0,무,PA130401
739,2018-12-06,평택,71,2,2,6,44,1,0,무,PA130401
740,,,0,0,0,0,0,0,0,,
741,,,0,0,0,0,0,0,0,,
742,,,0,0,0,0,0,0,0,,
743,,,0,0,0,0,0,0,0,,
744,,,0,0,0,0,0,0,0,,
745,,,0,0,0,0,0,0,0,,
746,,,0,0,0,0,0,0,0,,
747,,,0,0,0,0,0,0,0,,
748,,,0,0,0,0,0,0,0,,
749,2019-01-05,평택,47,-1,2,1,24,0,0,무,PA130401
750,,,0,0,0,0,0,0,0,,
751,,,0,0,0,0,0,0,0,,
752,2019-01-15,평택,67,0,3,2,46,0,0,무,PA130401
753,2019-01-17,평택,55,0,2,5,17,0,0,무,PA130401
754,,,0,0,0,0,0,0,0,,
755,2019-01-30,평택,62,1,1,8,40,0,0,무,PA130401
756,,,0,0,0,0,0,0,0,,
757,2019-01-11,평택,67,2,0,8,39,0,0,무,PA130401
758,2019-01-16,평택,54,-4,1,0,31,0,0,무,PA130401
759,,,0,0,0,0,0,0,0,,
760,,,0,0,0,0,0,0,0,,
761,,,0,0,0,0,0,0,0,,
762,2019-01-04,평택,66,-2,1,3,37,0,0,무,PA130401
763,2019-01-14,평택,81,0,0,4,57,0,0,무,PA130401
764,,,0,0,0,0,0,0,0,,
765,2019-01-31,평택,44,-1,3,2,25,0,0,무,PA130401
766,2019-01-29,평택,48,-1,1,6,20,0,0,무,PA130401
767,2019-01-07,평택,68,-2,1,4,43,0,0,무,PA130401
768,2019-01-08,평택,53,-3,2,1,24,0,0,무,PA130401
769,,,0,0,0,0,0,0,0,,
770,2019-01-12,평택,63,2,1,7,42,0,0,무,PA130401
771,2019-01-19,평택,64,2,1,9,42,0,0,무,PA130401
772,2019-01-02,평택,60,-5,1,0,25,0,0,무,PA130401
773,2019-01-10,평택,69,-1,0,1,38,0,0,무,PA130401
774,2019-01-21,평택,61,0,2,5,42,0,0,무,PA130401
775,,,0,0,0,0,0,0,0,,
776,2019-02-03,평택,96,3,2,6,60,18,0,무,PA130401
777,,,0,0,0,0,0,0,0,,
778,,,0,0,0,0,0,0,0,,
779,2019-02-17,평택,57,-1,2,4,26,0,0,무,PA130401
780,,,0,0,0,0,0,0,0,,
781,2019-02-25,평택,75,3,1,9,46,0,0,무,PA130401
782,,,0,0,0,0,0,0,0,,
783,2019-02-10,평택,42,-4,1,0,23,0,0,무,PA130401
784,2019-02-20,평택,75,1,2,5,51,0,0,무,PA130401
785,,,0,0,0,0,0,0,0,,
786,2019-02-04,평택,48,0,2,3,21,0,0,무,PA130401
787,2019-02-15,평택,75,0,1,2,51,0,0,무,PA130401
788,2019-02-01,평택,63,-2,1,3,38,0,0,무,PA130401
789,2019-02-09,평택,36,-3,3,-1,23,0,0,무,PA130401
790,2019-02-23,평택,56,5,1,15,20,0,0,무,PA130401
791,2019-02-13,평택,42,-1,2,2,23,0,0,무,PA130401
792,2019-02-11,평택,45,-2,2,2,24,0,0,무,PA130401
793,2019-02-26,평택,58,3,1,10,29,0,0,무,PA130401
794,2019-02-16,평택,66,-1,3,1,43,0,0,무,PA130401
795,2019-02-06,평택,62,5,1,12,35,0,0,무,PA130401
796,2019-02-24,평택,66,4,2,12,35,0,0,무,PA130401
797,2019-02-07,평택,53,0,4,5,23,0,0,무,PA130401
798,2019-02-27,평택,54,6,1,11,27,0,0,무,PA130401
799,2019-02-18,평택,58,0,1,6,26,0,0,무,PA130401
800,2019-02-19,평택,95,0,1,2,54,10,0,무,PA130401
801,2019-02-22,평택,72,1,1,8,45,0,0,무,PA130401
802,2019-02-12,평택,56,0,1,4,30,0,0,무,PA130401
803,2019-02-28,평택,63,5,1,11,36,0,0,무,PA130401
804,,,0,0,0,0,0,0,0,,
805,2019-02-05,평택,51,2,1,11,18,0,0,무,PA130401
806,2019-03-05,평택,67,7,1,13,36,0,0,무,PA130401
807,2019-03-24,평택,59,4,2,10,30,0,0,무,PA130401
808,2019-03-31,평택,51,5,4,8,27,0,0,무,PA130401
809,2019-03-17,평택,65,5,2,11,25,0,0,무,PA130401
810,2019-03-11,평택,78,5,1,11,44,2,0,무,PA130401
811,2019-03-07,평택,73,5,1,11,44,0,0,무,PA130401
812,2019-03-30,평택,78,5,3,11,42,2,0,무,PA130401
813,,,0,0,0,0,0,0,0,,
814,,,0,0,0,0,0,0,0,,
815,2019-03-03,평택,56,7,1,14,17,0,0,무,PA130401
816,,,0,0,0,0,0,0,0,,
817,2019-03-15,평택,74,5,2,13,24,1,0,무,PA130401
818,2019-03-10,평택,45,9,1,16,13,0,0,무,PA130401
819,,,0,0,0,0,0,0,0,,
820,2019-03-12,평택,69,4,3,9,37,0,0,무,PA130401
821,2019-03-26,평택,55,9,1,17,25,0,0,무,PA130401
822,2019-03-28,평택,62,8,2,14,22,0,0,무,PA130401
823,2019-03-02,평택,60,6,1,15,22,0,0,무,PA130401
824,2019-03-18,평택,54,6,1,14,17,0,0,무,PA130401
825,2019-03-16,평택,73,5,2,10,46,0,0,무,PA130401
826,2019-03-09,평택,48,6,1,15,11,0,0,무,PA130401
827,2019-03-04,평택,63,7,1,14,30,0,0,무,PA130401
828,2019-03-23,평택,53,4,3,9,31,1,0,무,PA130401
829,2019-03-22,평택,50,3,3,9,29,0,0,무,PA130401
830,2019-03-27,평택,63,12,3,18,34,0,0,무,PA130401
831,2019-03-29,평택,51,9,2,14,30,0,0,무,PA130401
832,2019-03-13,평택,42,3,4,8,20,0,0,무,PA130401
833,2019-03-06,평택,75,6,2,12,41,0,0,무,PA130401
834,2019-03-01,평택,60,4,1,12,27,0,0,무,PA130401
835,2019-03-25,평택,58,7,2,14,39,0,0,무,PA130401
836,2019-03-21,평택,84,7,4,11,67,1,0,무,PA130401
837,2019-04-25,평택,85,14,1,18,61,2,0,무,PA130401
838,2019-04-29,평택,75,12,1,16,52,0,0,무,PA130401
839,2019-04-11,평택,73,8,1,15,40,0,0,무,PA130401
840,,,0,0,0,0,0,0,0,,
841,,,0,0,0,0,0,0,0,,
842,2019-04-07,평택,38,13,1,21,13,0,0,무,PA130401
843,2019-04-12,평택,58,10,2,17,24,0,0,무,PA130401
844,,,0,0,0,0,0,0,0,,
845,,,0,0,0,0,0,0,0,,
846,2019-04-21,평택,78,15,1,20,45,0,0,무,PA130401
847,2019-04-01,평택,47,5,2,10,18,0,0,무,PA130401
848,2019-04-06,평택,43,10,1,17,16,0,0,무,PA130401
849,2019-04-14,평택,65,8,2,13,43,1,0,무,PA130401
850,,,0,0,0,0,0,0,0,,
851,2019-04-23,평택,68,18,1,25,39,1,0,무,PA130401
852,,,0,0,0,0,0,0,0,,
853,2019-04-17,평택,52,14,2,23,15,0,0,무,PA130401
854,2019-04-08,평택,44,10,2,16,20,0,0,무,PA130401
855,,,0,0,0,0,0,0,0,,
856,2019-04-02,평택,48,5,2,11,19,0,0,무,PA130401
857,2019-04-16,평택,42,13,1,23,13,0,0,무,PA130401
858,2019-04-03,평택,48,6,2,14,17,0,0,무,PA130401
859,2019-04-24,평택,82,18,1,23,61,8,0,무,PA130401
860,2019-04-19,평택,70,14,1,20,46,0,0,무,PA130401
861,2019-04-27,평택,65,11,1,18,35,0,0,무,PA130401
862,2019-04-10,평택,80,7,2,10,62,2,0,무,PA130401
863,2019-04-28,평택,65,12,1,18,37,0,0,무,PA130401
864,,,0,0,0,0,0,0,0,,
865,,,0,0,0,0,0,0,0,,
866,2019-04-18,평택,73,13,2,19,47,0,0,무,PA130401
867,2019-04-13,평택,45,11,2,18,17,0,0,무,PA130401
868,2019-05-05,평택,50,17,2,27,12,0,0,무,PA130401
869,2019-05-11,평택,55,18,1,25,30,0,0,무,PA130401
870,2019-05-02,평택,53,15,2,24,20,0,0,무,PA130401
871,2019-05-13,평택,58,18,1,26,24,0,0,무,PA130401
872,,,0,0,0,0,0,0,0,,
873,2019-05-15,평택,64,20,1,28,32,0,0,무,PA130401
874,2019-05-09,평택,49,15,2,22,17,0,0,무,PA130401
875,,,0,0,0,0,0,0,0,,
876,2019-05-23,평택,55,21,1,30,16,0,0,무,PA130401
877,,,0,0,0,0,0,0,0,,
878,2019-05-12,평택,54,19,1,28,26,0,0,무,PA130401
879,2019-05-19,평택,92,19,2,22,68,10,0,무,PA130401
880,,,0,0,0,0,0,0,0,,
881,2019-05-16,평택,60,22,1,30,23,0,0,무,PA130401
882,2019-05-26,평택,52,24,1,31,22,0,0,무,PA130401
883,2019-05-21,평택,55,17,2,25,22,0,0,무,PA130401
884,2019-05-04,평택,56,17,1,26,18,0,0,무,PA130401
885,2019-05-06,평택,39,13,3,20,12,0,0,무,PA130401
886,,,0,0,0,0,0,0,0,,
887,2019-05-31,평택,58,19,2,25,37,0,0,무,PA130401
888,2019-05-29,평택,52,19,2,28,17,0,0,무,PA130401
889,2019-05-25,평택,59,22,1,30,22,0,0,무,PA130401
890,2019-05-27,평택,86,17,3,23,51,4,0,무,PA130401
891,2019-05-14,평택,64,19,1,27,32,0,0,무,PA130401
892,2019-05-28,평택,47,18,2,25,21,0,0,무,PA130401
893,2019-05-08,평택,51,15,2,22,33,0,0,무,PA130401
894,2019-05-22,평택,53,19,2,27,19,0,0,무,PA130401
895,2019-05-30,평택,58,19,2,26,29,0,0,무,PA130401
896,2019-05-18,평택,64,21,3,25,49,0,0,무,PA130401
897,2019-05-01,평택,63,14,2,21,47,0,0,무,PA130401
898,2019-05-20,평택,63,16,3,20,30,6,0,무,PA130401
899,,,0,0,0,0,0,0,0,,
900,,,0,0,0,0,0,0,0,,
901,,,0,0,0,0,0,0,0,,
902,2019-06-19,평택,75,22,1,27,52,0,0,무,PA130401
903,2019-06-07,평택,86,19,1,23,57,33,0,무,PA130401
904,2019-06-08,평택,71,21,1,27,45,0,0,무,PA130401
905,2019-06-10,평택,77,19,1,24,50,19,0,무,PA130401
906,,,0,0,0,0,0,0,0,,
907,2019-06-13,평택,64,22,1,29,38,0,0,무,PA130401
908,2019-06-24,평택,59,23,2,30,32,0,0,무,PA130401
909,2019-06-22,평택,58,24,1,31,34,0,0,무,PA130401
910,2019-06-05,평택,72,21,1,28,51,0,0,무,PA130401
911,2019-06-01,평택,69,18,1,24,45,0,0,무,PA130401
912,2019-06-14,평택,67,21,1,27,49,0,0,무,PA130401
913,2019-06-15,평택,76,20,2,25,58,0,0,무,PA130401
914,2019-06-21,평택,77,22,2,27,56,0,0,무,PA130401
915,2019-06-03,평택,52,22,1,29,20,0,0,무,PA130401
916,2019-06-26,평택,75,22,1,26,52,9,0,무,PA130401
917,2019-06-06,평택,84,20,1,26,54,15,0,무,PA130401
918,2019-06-25,평택,58,24,1,33,28,0,0,무,PA130401
919,2019-06-04,평택,61,22,2,30,25,0,0,무,PA130401
920,2019-06-02,평택,55,21,1,28,23,0,0,무,PA130401
921,,,0,0,0,0,0,0,0,,
922,2019-06-20,평택,76,22,2,27,50,0,0,무,PA130401
923,,,0,0,0,0,0,0,0,,
924,2019-06-28,평택,80,23,1,29,57,4,0,무,PA130401
925,2019-06-23,평택,50,24,1,30,34,0,0,무,PA130401
926,2019-06-09,평택,73,21,1,27,47,13,0,무,PA130401
927,2019-06-29,평택,89,22,1,25,64,2,0,무,PA130401
928,2019-06-11,평택,60,20,1,25,40,0,0,무,PA130401
929,2019-06-17,평택,69,21,1,26,48,0,0,무,PA130401
930,2019-07-04,평택,73,23,1,31,33,0,0,무,PA130401
931,2019-07-03,평택,77,23,1,29,48,0,0,무,PA130401
932,2019-07-07,평택,52,26,2,32,32,0,0,무,PA130401
933,2019-07-11,평택,89,21,1,24,71,3,0,무,PA130401
934,,,0,0,0,0,0,0,0,,
935,2019-07-01,평택,72,23,2,28,48,0,0,무,PA130401
936,2019-07-16,평택,82,24,1,30,51,1,0,무,PA130401
937,,,0,0,0,0,0,0,0,,
938,,,0,0,0,0,0,0,0,,
939,,,0,0,0,0,0,0,0,,
940,2019-07-08,평택,54,24,1,31,38,0,0,무,PA130401
941,,,0,0,0,0,0,0,0,,
942,2019-07-05,평택,65,25,1,36,30,0,0,무,PA130401
943,2019-07-24,평택,90,26,0,28,79,0,0,무,PA130401
944,2019-07-30,평택,79,28,1,32,62,0,0,무,PA130401
945,2019-07-09,평택,54,24,2,30,37,0,0,무,PA130401
946,2019-07-13,평택,78,23,1,28,59,0,0,무,PA130401
947,2019-07-22,평택,0,0,0,0,72,0,0,무,PA130401
948,2019-07-27,평택,89,27,1,32,65,8,0,무,PA130401
949,2019-07-15,평택,90,23,1,28,62,55,0,무,PA130401
950,2019-07-12,평택,77,23,2,28,53,0,0,무,PA130401
951,2019-07-19,평택,73,27,2,32,55,0,0,무,PA130401
952,2019-07-23,평택,79,28,1,33,56,0,0,무,PA130401
953,2019-07-18,평택,72,26,1,31,49,0,0,무,PA130401
954,2019-07-21,평택,94,25,1,28,80,12,0,무,PA130401
955,2019-07-28,평택,97,25,1,27,78,20,0,무,PA130401
956,2019-07-02,평택,72,23,2,30,38,0,0,무,PA130401
957,2019-07-20,평택,80,26,2,30,65,4,0,무,PA130401
958,2019-07-26,평택,99,25,0,27,98,30,0,무,PA130401
959,2019-07-17,평택,79,25,1,30,55,0,0,무,PA130401
960,2019-07-25,평택,99,25,0,26,89,75,0,무,PA130401
961,,,0,0,0,0,0,0,0,,
962,2019-08-08,평택,84,27,1,32,58,1,0,무,PA130401
963,2019-08-24,평택,80,23,1,27,58,0,0,무,PA130401
964,2019-08-31,평택,76,22,1,28,47,0,0,무,PA130401
965,2019-08-23,평택,69,24,2,29,31,0,0,무,PA130401
966,2019-08-21,평택,69,27,1,31,56,0,0,무,PA130401
967,2019-08-12,평택,96,26,1,29,74,39,0,무,PA130401
968,2019-08-28,평택,80,24,1,29,55,0,0,무,PA130401
969,2019-08-25,평택,73,24,1,29,39,0,0,무,PA130401
970,2019-08-14,평택,83,28,1,34,55,5,0,무,PA130401
971,2019-08-15,평택,93,25,1,27,74,52,0,무,PA130401
972,2019-08-20,평택,73,26,1,31,51,0,0,무,PA130401
973,2019-08-07,평택,81,28,1,32,58,3,0,무,PA130401
974,,,0,0,0,0,0,0,0,,
975,2019-08-22,평택,77,26,1,30,43,0,0,무,PA130401
976,2019-08-06,평택,67,30,1,34,47,0,0,무,PA130401
977,2019-08-13,평택,83,28,1,34,51,9,0,무,PA130401
978,2019-08-19,평택,77,25,1,31,47,0,0,무,PA130401
979,2019-08-18,평택,79,24,1,29,48,0,0,무,PA130401
980,2019-08-16,평택,83,26,2,30,60,0,0,무,PA130401
981,2019-08-01,평택,83,28,1,32,61,4,0,무,PA130401
982,2019-08-03,평택,78,28,1,35,52,0,0,무,PA130401
983,2019-08-27,평택,87,23,1,27,63,15,0,무,PA130401
984,2019-08-10,평택,72,29,2,35,42,0,0,무,PA130401
985,2019-08-02,평택,79,28,1,34,51,0,0,무,PA130401
986,2019-08-05,평택,80,29,1,35,49,0,0,무,PA130401
987,2019-08-04,평택,80,28,1,33,61,0,0,무,PA130401
988,2019-08-26,평택,75,25,1,31,41,0,0,무,PA130401
989,2019-08-29,평택,86,22,1,27,61,0,0,무,PA130401
990,2019-08-30,평택,74,22,2,27,40,0,0,무,PA130401
991,2019-08-09,평택,78,28,1,34,50,0,0,무,PA130401
992,2019-09-21,평택,82,17,1,21,60,29,0,무,PA130401
993,,,0,0,0,0,0,0,0,,
994,2019-09-28,평택,75,23,1,28,52,0,0,무,PA130401
995,2019-09-22,평택,94,16,1,17,74,45,0,무,PA130401
996,2019-09-26,평택,76,20,1,26,54,0,0,무,PA130401
997,2019-09-02,평택,76,23,0,28,45,0,0,무,PA130401
998,,,0,0,0,0,0,0,0,,
999,2019-09-06,평택,89,25,1,28,76,0,0,무,PA130401
1000,,,0,0,0,0,0,0,0,,
1001,2019-09-03,평택,85,22,1,25,75,0,0,무,PA130401
1002,2019-09-25,평택,78,18,1,26,48,0,0,무,PA130401
1003,2019-09-09,평택,96,23,0,25,89,4,0,무,PA130401
1004,2019-09-29,평택,79,20,1,27,42,0,0,무,PA130401
1005,2019-09-27,평택,69,21,1,27,45,0,0,무,PA130401
1006,,,0,0,0,0,0,0,0,,
1007,2019-09-24,평택,76,17,1,24,42,0,0,무,PA130401
1008,2019-09-08,평택,88,24,1,28,66,0,0,무,PA130401
1009,2019-09-17,평택,56,23,1,29,34,0,0,무,PA130401
1010,2019-09-07,평택,77,26,4,29,61,1,0,무,PA130401
1011,2019-09-04,평택,91,23,1,29,68,39,0,무,PA130401
1012,2019-09-30,평택,76,20,1,28,37,0,0,무,PA130401
1013,2019-09-23,평택,69,18,1,23,47,0,0,무,PA130401
1014,2019-09-01,평택,80,22,0,26,59,0,0,무,PA130401
1015,2019-09-05,평택,99,22,1,27,77,34,0,무,PA130401
1016,2019-09-20,평택,69,19,1,24,54,0,0,무,PA130401
1017,2019-09-19,평택,65,19,1,27,39,0,0,무,PA130401
1018,,,0,0,0,0,0,0,0,,
1019,,,0,0,0,0,0,0,0,,
1020,2019-09-18,평택,60,20,2,26,25,0,0,무,PA130401
1021,,,0,0,0,0,0,0,0,,
1022,,,0,0,0,0,0,0,0,,
1023,2019-10-03,평택,85,22,2,27,57,16,0,무,PA130401
1024,2019-10-06,평택,65,17,2,23,47,0,0,무,PA130401
1025,2019-10-08,평택,66,15,2,21,30,0,0,무,PA130401
1026,2019-10-27,평택,72,10,1,17,36,0,0,무,PA130401
1027,2019-10-16,평택,73,13,1,20,42,0,0,무,PA130401
1028,2019-10-23,평택,72,16,1,20,52,0,0,무,PA130401
1029,2019-10-31,평택,79,13,1,20,50,0,0,무,PA130401
1030,2019-10-15,평택,69,13,1,21,41,0,0,무,PA130401
1031,2019-10-02,평택,97,20,1,22,81,37,0,무,PA130401
1032,2019-10-21,평택,72,15,1,24,35,0,0,무,PA130401
1033,2019-10-18,평택,69,16,1,23,50,0,0,무,PA130401
1034,2019-10-04,평택,84,21,1,27,61,0,0,무,PA130401
1035,2019-10-24,평택,54,18,1,24,33,0,0,무,PA130401
1036,2019-10-29,평택,73,13,1,18,40,4,0,무,PA130401
1037,2019-10-07,평택,96,15,1,17,68,13,0,무,PA130401
1038,2019-10-25,평택,66,16,1,22,42,0,0,무,PA130401
1039,2019-10-01,평택,84,21,0,27,62,0,0,무,PA130401
1040,2019-10-19,평택,76,16,1,22,44,0,0,무,PA130401
1041,2019-10-05,평택,79,18,1,21,59,0,0,무,PA130401
1042,2019-10-14,평택,70,14,2,18,47,0,0,무,PA130401
1043,2019-10-26,평택,68,10,2,14,48,0,0,무,PA130401
1044,2019-10-22,평택,70,16,1,24,34,0,0,무,PA130401
1045,2019-10-09,평택,68,13,1,19,36,0,0,무,PA130401
1046,2019-10-11,평택,69,18,0,25,39,0,0,무,PA130401
1047,2019-10-13,평택,63,17,1,23,40,0,0,무,PA130401
1048,2019-10-28,평택,72,12,1,18,39,0,0,무,PA130401
1049,2019-10-30,평택,70,10,1,16,45,0,0,무,PA130401
1050,2019-10-10,평택,75,14,0,19,43,0,0,무,PA130401
1051,2019-10-12,평택,59,18,1,25,38,0,0,무,PA130401
1052,2019-10-17,평택,75,14,1,20,45,0,0,무,PA130401
1053,2019-10-20,평택,78,14,1,22,36,0,0,무,PA130401
1054,2019-11-22,평택,50,10,1,18,28,0,0,무,PA130401
1055,2019-11-05,평택,78,11,1,17,54,0,0,무,PA130401
1056,2019-11-17,평택,95,9,1,12,69,58,0,무,PA130401
1057,2019-11-18,평택,71,6,3,13,48,11,0,무,PA130401
1058,2019-11-06,평택,72,11,1,17,41,0,0,무,PA130401
1059,2019-11-24,평택,80,11,2,19,52,3,0,무,PA130401
1060,2019-11-11,평택,82,11,2,16,53,17,0,무,PA130401
1061,2019-11-01,평택,70,14,1,20,29,0,0,무,PA130401
1062,2019-11-12,평택,76,9,1,15,38,0,0,무,PA130401
1063,2019-11-13,평택,85,7,2,12,53,6,0,무,PA130401
1064,2019-11-25,평택,69,2,2,6,58,0,0,무,PA130401
1065,2019-11-07,평택,59,9,1,14,28,0,0,무,PA130401
1066,2019-11-19,평택,64,1,1,5,43,1,0,무,PA130401
1067,2019-11-26,평택,73,7,1,15,46,0,0,무,PA130401
1068,2019-11-15,평택,82,6,1,11,48,7,0,무,PA130401
1069,2019-11-14,평택,42,2,2,5,26,0,0,무,PA130401
1070,2019-11-02,평택,76,13,1,19,53,0,0,무,PA130401
1071,2019-11-29,평택,53,2,1,7,22,0,0,무,PA130401
1072,,,0,0,0,0,0,0,0,,
1073,2019-11-03,평택,74,14,0,21,41,0,0,무,PA130401
1074,2019-11-23,평택,69,11,1,18,43,0,0,무,PA130401
1075,2019-11-21,평택,51,4,0,10,21,0,0,무,PA130401
1076,2019-11-10,평택,74,9,1,16,37,19,0,무,PA130401
1077,2019-11-20,평택,65,0,1,6,32,0,0,무,PA130401
1078,2019-11-04,평택,66,13,1,20,37,0,0,무,PA130401
1079,2019-11-30,평택,62,3,1,10,26,0,0,무,PA130401
1080,2019-11-16,평택,93,8,0,13,67,0,0,무,PA130401
1081,2019-11-28,평택,71,3,1,10,49,0,0,무,PA130401
1082,2019-11-08,평택,58,5,1,12,21,0,0,무,PA130401
1083,2019-11-09,평택,64,7,1,16,28,0,0,무,PA130401
1084,2019-11-27,평택,53,4,2,8,38,0,0,무,PA130401
1085,2019-12-07,평택,70,-2,1,3,48,0,0,무,PA130401
1086,2019-12-08,평택,75,-1,1,4,36,0,0,무,PA130401
1087,2019-12-01,평택,85,5,0,7,65,6,0,무,PA130401
1088,2019-12-05,평택,44,-2,3,2,17,0,0,무,PA130401
1089,,,0,0,0,0,0,0,0,,
1090,2019-12-16,평택,72,7,1,15,44,0,0,무,PA130401
1091,2019-12-24,평택,89,0,0,5,50,0,0,무,PA130401
1092,2019-12-21,평택,72,0,1,4,52,0,0,무,PA130401
1093,2019-12-28,평택,64,0,1,7,36,0,0,무,PA130401
1094,2019-12-18,평택,71,1,2,4,51,0,0,무,PA130401
1095,2019-12-04,평택,73,3,1,8,43,1,0,무,PA130401
1096,2019-12-19,평택,50,0,2,3,30,0,0,무,PA130401
1097,2019-12-02,평택,55,2,3,4,29,0,0,무,PA130401
1098,2019-12-22,평택,69,3,1,9,47,0,0,무,PA130401
1099,2019-12-13,평택,57,1,1,7,34,0,0,무,PA130401
1100,2019-12-27,평택,59,0,2,3,32,0,0,무,PA130401
1101,2019-12-14,평택,71,3,2,6,40,2,0,무,PA130401
1102,2019-12-23,평택,85,3,1,5,64,1,0,무,PA130401
1103,2019-12-17,평택,89,7,2,9,71,6,0,무,PA130401
1104,2019-12-20,평택,68,0,1,2,45,0,0,무,PA130401
1105,2019-12-10,평택,81,7,1,13,61,0,0,무,PA130401
1106,2019-12-06,평택,53,-5,1,0,28,0,0,무,PA130401
1107,2019-12-03,평택,87,0,1,4,53,1,0,무,PA130401
1108,2019-12-15,평택,70,4,0,13,40,0,0,무,PA130401
1109,2019-12-29,평택,80,2,1,6,43,5,0,무,PA130401
1110,,,0,0,0,0,0,0,0,,
1111,2019-12-25,평택,76,0,0,6,44,0,0,무,PA130401
1112,,,0,0,0,0,0,0,0,,
1113,,,0,0,0,0,0,0,0,,
1114,2019-12-26,평택,78,1,2,3,64,2,0,무,PA130401
1115,2019-12-09,평택,67,3,1,10,45,0,0,무,PA130401
1116,2020-01-17,평택,67,-1,0,3,36,0,0,무,PA130401
1117,2020-01-15,평택,67,-1,1,2,37,0,0,무,PA130401
1118,2020-01-09,평택,71,0,2,2,52,0,0,무,PA130401
1119,2020-01-06,평택,78,3,1,5,53,7,0,무,PA130401
1120,2020-01-26,평택,68,5,1,13,41,0,0,무,PA130401
1121,2020-01-02,평택,78,0,0,3,66,0,0,무,PA130401
1122,2020-01-27,평택,67,5,2,8,44,3,0,무,PA130401
1123,2020-01-31,평택,75,2,1,7,55,0,0,무,PA130401
1124,2020-01-14,평택,64,-1,1,3,42,0,0,무,PA130401
1125,2020-01-10,평택,78,0,0,4,47,0,0,무,PA130401
1126,2020-01-07,평택,99,7,1,12,95,40,0,무,PA130401
1127,2020-01-13,평택,59,-1,2,1,36,0,0,무,PA130401
1128,2020-01-03,평택,77,0,1,5,53,0,0,무,PA130401
1129,2020-01-11,평택,78,0,1,5,47,0,0,무,PA130401
1130,2020-01-04,평택,75,0,1,7,41,0,0,무,PA130401
1131,2020-01-05,평택,67,0,0,7,36,0,0,무,PA130401
1132,2020-01-16,평택,67,-1,1,3,34,0,0,무,PA130401
1133,2020-01-29,평택,61,6,1,12,35,0,0,무,PA130401
1134,2020-01-28,평택,69,6,0,11,44,0,0,무,PA130401
1135,2020-01-20,평택,64,1,2,6,34,0,0,무,PA130401
1136,2020-01-08,평택,88,3,4,11,67,6,0,무,PA130401
1137,2020-01-01,평택,72,-2,1,0,57,0,0,무,PA130401
1138,2020-01-30,평택,67,4,1,11,36,0,0,무,PA130401
1139,2020-01-22,평택,59,2,0,5,40,0,0,무,PA130401
1140,2020-01-25,평택,86,2,0,9,60,0,0,무,PA130401
1141,2020-01-12,평택,65,0,2,2,53,0,0,무,PA130401
1142,2020-01-24,평택,79,2,1,9,44,0,0,무,PA130401
1143,2020-01-23,평택,69,3,1,10,38,0,0,무,PA130401
1144,2020-01-18,평택,67,0,1,5,29,0,0,무,PA130401
1145,2020-01-21,평택,52,0,0,6,20,0,0,무,PA130401
1146,2020-01-19,평택,70,2,1,6,54,0,0,무,PA130401
1147,2020-02-03,평택,57,0,2,3,31,0,0,무,PA130401
1148,2020-02-09,평택,63,0,1,4,31,0,0,무,PA130401
1149,2020-02-12,평택,88,6,1,8,42,5,0,무,PA130401
1150,2020-02-15,평택,76,8,1,17,40,1,0,무,PA130401
1151,2020-02-13,평택,93,6,1,9,74,0,0,무,PA130401
1152,2020-02-08,평택,55,0,2,4,37,0,0,무,PA130401
1153,2020-02-05,평택,42,-6,3,-1,27,0,0,무,PA130401
1154,2020-02-28,평택,86,5,0,6,63,6,0,무,PA130401
1155,2020-02-11,평택,53,5,0,15,19,0,0,무,PA130401
1156,2020-02-06,평택,46,-5,1,0,23,0,0,무,PA130401
1157,2020-02-10,평택,59,4,0,11,33,0,0,무,PA130401
1158,2020-02-21,평택,74,6,0,13,41,1,0,무,PA130401
1159,2020-02-19,평택,69,1,0,8,40,0,0,무,PA130401
1160,2020-02-01,평택,78,2,0,8,53,0,0,무,PA130401
1161,2020-02-20,평택,74,4,0,11,39,0,0,무,PA130401
1162,2020-02-22,평택,65,5,4,8,36,4,0,무,PA130401
1163,2020-02-29,평택,82,7,0,13,46,0,0,무,PA130401
1164,2020-02-25,평택,90,6,1,7,66,32,0,무,PA130401
1165,,,0,0,0,0,0,0,0,,
1166,2020-02-02,평택,70,1,1,6,33,0,0,무,PA130401
1167,2020-02-24,평택,60,6,1,14,32,0,0,무,PA130401
1168,,,0,0,0,0,0,0,0,,
1169,2020-02-07,평택,63,-1,1,2,39,0,0,무,PA130401
1170,2020-02-26,평택,72,6,1,11,50,0,0,무,PA130401
1171,2020-02-04,평택,67,0,2,5,34,0,0,무,PA130401
1172,,,0,0,0,0,0,0,0,,
1173,2020-02-14,평택,86,5,0,14,49,0,0,무,PA130401
1174,,,0,0,0,0,0,0,0,,
1175,2020-02-23,평택,59,2,1,8,33,0,0,무,PA130401
1176,2020-02-27,평택,71,5,0,13,32,0,0,무,PA130401
1177,2020-02-18,평택,51,-2,2,1,34,0,0,무,PA130401
1178,2020-03-05,평택,57,1,2,5,40,0,0,무,PA130401
1179,2020-03-02,평택,61,3,3,7,42,0,0,무,PA130401
1180,2020-03-03,평택,70,5,1,13,42,0,0,무,PA130401
1181,2020-03-21,평택,59,12,2,21,39,0,0,무,PA130401
1182,2020-03-19,평택,58,9,5,13,37,0,0,무,PA130401
1183,2020-03-27,평택,74,10,3,13,48,12,0,무,PA130401
1184,2020-03-30,평택,53,8,1,17,17,0,0,무,PA130401
1185,2020-03-11,평택,49,3,3,7,30,0,0,무,PA130401
1186,2020-03-08,평택,63,7,0,18,22,0,0,무,PA130401
1187,2020-03-06,평택,56,3,1,11,21,0,0,무,PA130401
1188,2020-03-15,평택,54,4,4,10,19,0,0,무,PA130401
1189,2020-03-13,평택,55,5,3,9,20,0,0,무,PA130401
1190,2020-03-29,평택,51,8,1,17,26,0,0,무,PA130401
1191,2020-03-12,평택,53,6,2,15,17,0,0,무,PA130401
1192,2020-03-31,평택,52,10,1,18,19,0,0,무,PA130401
1193,2020-03-25,평택,51,12,1,21,25,0,0,무,PA130401
1194,2020-03-20,평택,48,8,2,15,20,0,0,무,PA130401
1195,2020-03-01,평택,84,5,1,11,64,0,0,무,PA130401
1196,2020-03-28,평택,29,7,2,12,15,0,0,무,PA130401
1197,2020-03-09,평택,66,8,0,18,26,2,0,무,PA130401
1198,2020-03-26,평택,68,14,1,21,39,2,0,무,PA130401
1199,2020-03-22,평택,59,11,3,17,24,0,0,무,PA130401
1200,2020-03-07,평택,62,5,0,12,33,0,0,무,PA130401
1201,2020-03-18,평택,57,9,0,19,15,0,0,무,PA130401
1202,2020-03-14,평택,54,4,2,10,26,0,0,무,PA130401
1203,2020-03-10,평택,84,6,2,8,55,6,0,무,PA130401
1204,2020-03-24,평택,56,9,1,18,21,0,0,무,PA130401
1205,2020-03-17,평택,73,6,1,13,59,0,0,무,PA130401
1206,2020-03-04,평택,63,2,3,5,44,0,0,무,PA130401
1207,2020-03-23,평택,53,9,2,16,30,0,0,무,PA130401
1208,2020-03-16,평택,53,3,2,10,21,0,0,무,PA130401
1209,,,0,0,0,0,0,0,0,,
1210,2020-04-02,평택,50,9,1,16,16,0,0,무,PA130401
1211,2020-04-20,평택,76,10,2,15,57,0,0,무,PA130401
1212,2020-04-18,평택,71,13,3,18,44,0,0,무,PA130401
1213,2020-04-01,평택,53,10,2,16,29,0,0,무,PA130401
1214,2020-04-08,평택,46,8,3,14,15,0,0,무,PA130401
1215,2020-04-13,평택,41,10,2,18,17,0,0,무,PA130401
1216,2020-04-03,평택,55,8,1,16,20,0,0,무,PA130401
1217,2020-04-19,평택,84,11,1,15,51,15,0,무,PA130401
1218,2020-04-21,평택,51,7,4,11,23,0,0,무,PA130401
1219,2020-04-14,평택,42,11,2,20,12,0,0,무,PA130401
1220,2020-04-29,평택,52,15,1,22,26,0,0,무,PA130401
1221,2020-04-11,평택,65,8,1,14,32,0,0,무,PA130401
1222,,,0,0,0,0,0,0,0,,
1223,2020-04-07,평택,58,10,2,18,38,0,0,무,PA130401
1224,2020-04-17,평택,71,13,3,19,47,3,0,무,PA130401
1225,2020-04-06,평택,52,8,0,16,17,0,0,무,PA130401
1226,2020-04-12,평택,58,9,1,18,32,0,0,무,PA130401
1227,2020-04-10,평택,60,10,1,17,28,0,0,무,PA130401
1228,2020-04-23,평택,48,8,3,13,18,0,0,무,PA130401
1229,,,0,0,0,0,0,0,0,,
1230,2020-04-09,평택,56,8,2,14,27,0,0,무,PA130401
1231,2020-04-05,평택,41,6,2,11,16,0,0,무,PA130401
1232,2020-04-27,평택,51,11,2,18,20,0,0,무,PA130401
1233,2020-04-28,평택,51,13,0,21,20,0,0,무,PA130401
1234,2020-04-30,평택,64,16,2,24,35,0,0,무,PA130401
1235,2020-04-22,평택,45,7,5,9,34,0,0,무,PA130401
1236,2020-04-26,평택,51,11,2,18,19,0,0,무,PA130401
1237,2020-04-16,평택,44,15,1,25,19,0,0,무,PA130401
1238,2020-04-15,평택,45,11,1,20,20,0,0,무,PA130401
1239,2020-04-04,평택,45,8,0,12,16,0,0,무,PA130401
1240,2020-05-10,평택,92,14,1,17,79,0,0,무,PA130401
1241,2020-05-14,평택,47,19,1,27,22,0,0,무,PA130401
1242,2020-05-22,평택,74,18,1,23,53,0,0,무,PA130401
1243,2020-05-23,평택,69,20,1,26,43,0,0,무,PA130401
1244,2020-05-09,평택,98,15,2,17,90,20,0,무,PA130401
1245,2020-05-02,평택,77,21,1,26,54,0,0,무,PA130401
1246,2020-05-13,평택,54,15,2,22,23,0,0,무,PA130401
1247,2020-05-25,평택,86,15,1,21,62,0,0,무,PA130401
1248,2020-05-18,평택,86,19,2,26,54,33,0,무,PA130401
1249,2020-05-01,평택,76,20,2,27,50,0,0,무,PA130401
1250,2020-05-26,평택,76,16,1,25,42,0,0,무,PA130401
1251,2020-05-08,평택,41,18,1,25,18,5,0,무,PA130401
1252,2020-05-28,평택,73,18,2,24,37,0,0,무,PA130401
1253,2020-05-16,평택,93,16,1,19,76,1,0,무,PA130401
1254,2020-05-27,평택,74,17,2,23,44,0,0,무,PA130401
1255,2020-05-07,평택,37,20,2,27,19,0,0,무,PA130401
1256,2020-05-15,평택,92,16,1,20,49,11,0,무,PA130401
1257,,,0,0,0,0,0,0,0,,
1258,2020-05-17,평택,82,19,1,27,53,0,0,무,PA130401
1259,2020-05-21,평택,65,17,1,23,45,0,0,무,PA130401
1260,,,0,0,0,0,0,0,0,,
1261,2020-05-03,평택,82,20,1,26,55,3,0,무,PA130401
1262,2020-05-31,평택,72,20,2,27,43,0,0,무,PA130401
1263,,,0,0,0,0,0,0,0,,
1264,,,0,0,0,0,0,0,0,,
1265,2020-05-05,평택,90,14,1,21,62,7,0,무,PA130401
1266,2020-05-24,평택,84,17,2,20,66,8,0,무,PA130401
1267,2020-05-06,평택,72,18,1,27,28,0,0,무,PA130401
1268,2020-05-19,평택,83,13,1,18,59,13,0,무,PA130401
1269,2020-05-11,평택,69,17,0,23,30,1,0,무,PA130401
1270,2020-05-20,평택,64,14,0,21,44,0,0,무,PA130401
1271,2020-06-21,평택,71,24,1,31,44,0,0,무,PA130401
1272,2020-06-06,평택,71,23,1,31,36,0,0,무,PA130401
1273,2020-06-01,평택,65,20,3,25,29,0,0,무,PA130401
1274,2020-06-22,평택,66,25,1,34,37,0,0,무,PA130401
1275,,,0,0,0,0,0,0,0,,
1276,2020-06-04,평택,80,23,2,28,49,0,0,무,PA130401
1277,2020-06-08,평택,69,24,1,31,41,0,0,무,PA130401
1278,2020-06-05,평택,76,22,1,28,30,0,0,무,PA130401
1279,2020-06-03,평택,83,22,1,28,51,2,0,무,PA130401
1280,2020-06-27,평택,75,23,1,29,41,0,0,무,PA130401
1281,2020-06-02,평택,75,18,1,24,39,0,0,무,PA130401
1282,2020-06-09,평택,60,25,1,32,34,0,0,무,PA130401
1283,2020-06-12,평택,89,23,0,27,60,1,0,무,PA130401
1284,,,0,0,0,0,0,0,0,,
1285,2020-06-11,평택,81,24,1,30,58,0,0,무,PA130401
1286,2020-06-24,평택,87,22,2,24,57,7,0,무,PA130401
1287,2020-06-25,평택,94,21,1,23,81,3,0,무,PA130401
1288,2020-06-20,평택,75,23,1,29,55,0,0,무,PA130401
1289,,,0,0,0,0,0,0,0,,
1290,2020-06-16,평택,68,23,1,29,43,0,0,무,PA130401
1291,,,0,0,0,0,0,0,0,,
1292,2020-06-26,평택,80,22,2,27,59,0,0,무,PA130401
1293,,,0,0,0,0,0,0,0,,
1294,2020-06-18,평택,77,21,0,26,58,0,0,무,PA130401
1295,,,0,0,0,0,0,0,0,,
1296,2020-06-28,평택,79,23,1,28,50,0,0,무,PA130401
1297,2020-06-14,평택,78,23,3,27,38,2,0,무,PA130401
1298,2020-06-10,평택,69,25,1,34,38,30,0,무,PA130401
1299,2020-06-19,평택,69,24,1,29,48,0,0,무,PA130401
1300,2020-06-13,평택,79,25,1,31,46,2,0,무,PA130401
1301,,,0,0,0,0,0,0,0,,
1302,2020-07-04,평택,76,22,1,27,46,1,0,무,PA130401
1303,2020-07-01,평택,88,20,0,23,68,2,0,무,PA130401
1304,,,0,0,0,0,0,0,0,,
1305,2020-07-02,평택,78,23,1,29,52,0,0,무,PA130401
1306,,,0,0,0,0,0,0,0,,
1307,2020-07-10,평택,78,25,1,30,58,3,0,무,PA130401
1308,,,0,0,0,0,0,0,0,,
1309,,,0,0,0,0,0,0,0,,
1310,2020-07-26,평택,0,0,0,0,0,0,0,무,PA130401
1311,2020-07-29,평택,0,0,0,0,0,0,0,무,PA130401
1312,2020-07-30,평택,0,0,0,0,0,0,0,무,PA130401
1313,2020-07-17,평택,80,24,1,30,55,0,0,무,PA130401
1314,2020-07-28,평택,0,0,0,0,0,0,0,무,PA130401
1315,2020-07-16,평택,79,23,1,29,57,0,0,무,PA130401
1316,2020-07-20,평택,90,24,2,27,75,0,0,무,PA130401
1317,2020-07-21,평택,80,25,1,30,48,0,0,무,PA130401
1318,2020-07-18,평택,75,24,1,30,46,0,0,무,PA130401
1319,2020-07-07,평택,79,23,1,27,62,0,0,무,PA130401
1320,2020-07-12,평택,86,22,1,24,69,9,0,무,PA130401
1321,2020-07-15,평택,74,22,0,28,49,0,0,무,PA130401
1322,2020-07-05,평택,78,23,0,28,56,0,0,무,PA130401
1323,2020-07-06,평택,78,24,0,30,53,0,0,무,PA130401
1324,2020-07-03,평택,78,22,1,27,50,0,0,무,PA130401
1325,,,0,0,0,0,0,0,0,,
1326,2020-07-13,평택,100,18,2,19,96,72,0,무,PA130401
1327,2020-07-22,평택,98,22,0,23,88,48,0,무,PA130401
1328,2020-07-09,평택,72,26,1,32,44,0,0,무,PA130401
1329,2020-07-08,평택,83,23,1,29,54,0,0,무,PA130401
1330,2020-07-19,평택,84,25,2,28,67,12,0,무,PA130401
1331,2020-07-11,평택,70,25,0,29,54,0,0,무,PA130401
1332,,,0,0,0,0,0,0,0,,
1333,2020-08-20,평택,81,27,1,33,53,0,0,무,PA130401
1334,2020-08-23,평택,82,25,0,31,52,0,0,무,PA130401
1335,2020-08-01,평택,0,0,0,0,0,0,0,무,PA130401
1336,2020-08-25,평택,78,29,1,34,49,0,0,무,PA130401
1337,,,0,0,0,0,0,0,0,,
1338,2020-08-04,평택,0,0,0,0,74,0,0,무,PA130401
1339,2020-08-14,평택,89,27,1,31,73,0,0,무,PA130401
1340,,,0,0,0,0,0,0,0,,
1341,2020-08-21,평택,83,27,1,32,58,0,0,무,PA130401
1342,,,0,0,0,0,0,0,0,,
1343,2020-08-13,평택,88,28,1,32,67,0,0,무,PA130401
1344,2020-08-17,평택,81,28,0,33,53,0,0,무,PA130401
1345,2020-08-18,평택,82,27,1,32,56,0,0,무,PA130401
1346,2020-08-06,평택,97,24,2,27,81,80,0,무,PA130401
1347,,,0,0,0,0,0,0,0,,
1348,,,0,0,0,0,0,0,0,,
1349,,,0,0,0,0,0,0,0,,
1350,2020-08-19,평택,83,27,1,32,58,0,0,무,PA130401
1351,2020-08-02,평택,0,0,0,0,0,0,0,무,PA130401
1352,2020-08-09,평택,98,24,1,27,80,56,0,무,PA130401
1353,2020-08-10,평택,96,26,1,29,78,34,0,무,PA130401
1354,,,0,0,0,0,0,0,0,,
1355,,,0,0,0,0,0,0,0,,
1356,,,0,0,0,0,0,0,0,,
1357,2020-08-08,평택,100,23,1,25,97,41,0,무,PA130401
1358,2020-08-16,평택,86,27,1,32,63,0,0,무,PA130401
1359,,,0,0,0,0,0,0,0,,
1360,,,0,0,0,0,0,0,0,,
1361,2020-08-05,평택,93,26,2,30,80,2,0,무,PA130401
1362,,,0,0,0,0,0,0,0,,
1363,,,0,0,0,0,0,0,0,,
1364,,,0,0,0,0,0,0,0,,
1365,2020-09-06,평택,87,20,0,25,65,14,0,무,PA130401
1366,2020-09-23,평택,66,18,1,24,50,0,0,무,PA130401
1367,2020-09-03,평택,85,22,4,26,60,33,0,무,PA130401
1368,2020-09-18,평택,75,20,1,26,30,0,0,무,PA130401
1369,2020-09-13,평택,76,21,1,27,48,0,0,무,PA130401
1370,2020-09-04,평택,73,23,1,28,38,0,0,무,PA130401
1371,2020-09-28,평택,75,19,1,26,37,0,0,무,PA130401
1372,2020-09-11,평택,85,21,1,25,64,3,0,무,PA130401
1373,,,0,0,0,0,0,0,0,,
1374,,,0,0,0,0,0,0,0,,
1375,2020-09-02,평택,100,23,1,25,96,42,0,무,PA130401
1376,2020-09-20,평택,73,18,1,24,32,0,0,무,PA130401
1377,2020-09-15,평택,83,22,1,28,45,0,0,무,PA130401
1378,2020-09-07,평택,98,19,3,22,81,67,0,무,PA130401
1379,2020-09-25,평택,67,19,1,26,47,0,0,무,PA130401
1380,,,0,0,0,0,0,0,0,,
1381,2020-09-17,평택,85,20,1,23,52,0,0,무,PA130401
1382,2020-09-08,평택,80,23,2,27,53,0,0,무,PA130401
1383,2020-09-12,평택,99,19,0,21,88,8,0,무,PA130401
1384,2020-09-24,평택,65,20,1,26,47,0,0,무,PA130401
1385,,,0,0,0,0,0,0,0,,
1386,2020-09-26,평택,64,19,1,25,45,0,0,무,PA130401
1387,2020-09-09,평택,90,21,1,26,60,2,0,무,PA130401
1388,2020-09-16,평택,97,20,0,24,72,10,0,무,PA130401
1389,2020-09-14,평택,84,20,1,25,58,0,0,무,PA130401
1390,2020-09-29,평택,77,18,1,25,46,0,0,무,PA130401
1391,2020-09-22,평택,65,19,1,26,43,0,0,무,PA130401
1392,2020-09-27,평택,70,19,1,26,41,0,0,무,PA130401
1393,,,0,0,0,0,0,0,0,,
1394,2020-09-21,평택,74,17,1,25,36,0,0,무,PA130401
1395,2020-10-16,평택,77,10,1,16,43,0,0,무,PA130401
1396,2020-10-03,평택,87,19,1,23,53,10,0,무,PA130401
1397,2020-10-27,평택,80,12,1,19,38,0,0,무,PA130401
1398,2020-10-01,평택,77,19,1,25,49,0,0,무,PA130401
1399,2020-10-13,평택,63,12,1,19,26,0,0,무,PA130401
1400,2020-10-11,평택,74,16,1,21,50,0,0,무,PA130401
1401,2020-10-18,평택,75,11,1,20,37,0,0,무,PA130401
1402,2020-10-02,평택,78,19,1,24,46,0,0,무,PA130401
1403,2020-10-12,평택,76,16,1,21,42,0,0,무,PA130401
1404,2020-10-15,평택,61,10,1,17,26,0,0,무,PA130401
1405,2020-10-14,평택,61,12,2,19,21,0,0,무,PA130401
1406,2020-10-10,평택,61,17,1,22,38,0,0,무,PA130401
1407,2020-10-29,평택,56,9,1,16,22,0,0,무,PA130401
1408,2020-10-06,평택,67,13,1,20,33,0,0,무,PA130401
1409,2020-10-08,평택,57,17,1,23,34,0,0,무,PA130401
1410,2020-10-24,평택,55,8,2,13,25,0,0,무,PA130401
1411,2020-10-19,평택,80,14,1,21,34,0,0,무,PA130401
1412,2020-10-26,평택,77,11,1,19,43,0,0,무,PA130401
1413,2020-10-20,평택,78,13,1,22,29,0,0,무,PA130401
1414,,,0,0,0,0,0,0,0,,
1415,2020-10-25,평택,72,10,1,18,42,0,0,무,PA130401
1416,2020-10-22,평택,67,13,2,19,33,0,0,무,PA130401
1417,2020-10-30,평택,59,10,1,19,18,0,0,무,PA130401
1418,2020-10-05,평택,57,13,2,18,37,0,0,무,PA130401
1419,2020-10-28,평택,60,13,2,18,25,0,0,무,PA130401
1420,2020-10-23,평택,52,9,2,13,35,0,0,무,PA130401
1421,,,0,0,0,0,0,0,0,,
1422,2020-10-09,평택,57,16,1,24,35,0,0,무,PA130401
1423,2020-10-07,평택,61,15,1,22,31,0,0,무,PA130401
1424,2020-10-04,평택,72,17,2,22,45,0,0,무,PA130401
1425,2020-10-21,평택,81,13,1,17,60,0,0,무,PA130401
1426,2020-11-19,평택,91,14,3,21,75,29,0,무,PA130401
1427,2020-11-17,평택,69,16,1,20,49,4,0,무,PA130401
1428,2020-11-25,평택,68,4,1,10,31,0,0,무,PA130401
1429,2020-11-06,평택,63,12,1,16,40,0,0,무,PA130401
1430,,,0,0,0,0,0,0,0,,
1431,2020-11-29,평택,70,0,1,4,42,0,0,무,PA130401
1432,,,0,0,0,0,0,0,0,,
1433,2020-11-14,평택,73,11,1,20,29,0,0,무,PA130401
1434,2020-11-07,평택,68,13,2,18,26,0,0,무,PA130401
1435,2020-11-23,평택,58,2,2,6,36,0,0,무,PA130401
1436,2020-11-24,평택,60,3,1,8,27,0,0,무,PA130401
1437,2020-11-04,평택,47,5,1,11,18,0,0,무,PA130401
1438,2020-11-21,평택,64,7,1,14,43,0,0,무,PA130401
1439,2020-11-01,평택,91,12,0,14,66,4,0,무,PA130401
1440,2020-11-08,평택,47,8,2,12,19,0,0,무,PA130401
1441,2020-11-03,평택,46,6,3,9,32,2,0,무,PA130401
1442,2020-11-09,평택,38,6,1,11,19,0,0,무,PA130401
1443,2020-11-18,평택,89,17,1,19,72,1,0,무,PA130401
1444,2020-11-28,평택,50,1,3,3,28,0,0,무,PA130401
1445,2020-11-16,평택,73,11,0,19,42,0,0,무,PA130401
1446,2020-11-13,평택,78,9,1,17,52,0,0,무,PA130401
1447,2020-11-26,평택,71,5,1,10,35,0,0,무,PA130401
1448,2020-11-05,평택,63,8,1,16,31,0,0,무,PA130401
1449,2020-11-20,평택,72,4,3,9,63,0,0,무,PA130401
1450,2020-11-27,평택,64,4,2,8,47,0,0,무,PA130401
1451,,,0,0,0,0,0,0,0,,
1452,2020-11-12,평택,62,8,1,17,24,0,0,무,PA130401
1453,2020-11-02,평택,65,10,1,16,18,0,0,무,PA130401
1454,2020-11-15,평택,79,10,1,16,55,0,0,무,PA130401
1455,,,0,0,0,0,0,0,0,,
1456,2020-11-11,평택,65,7,1,16,30,0,0,무,PA130401
1457,2020-12-14,평택,42,-5,3,-3,18,0,0,무,PA130401
1458,2020-12-06,평택,75,3,1,9,48,0,0,무,PA130401
1459,2020-12-09,평택,58,0,1,7,24,0,0,무,PA130401
1460,2020-12-02,평택,45,3,1,7,24,0,0,무,PA130401
1461,2020-12-16,평택,36,-6,2,-3,19,0,0,무,PA130401
1462,2020-12-21,평택,67,-1,0,4,42,0,0,무,PA130401
1463,2020-12-08,평택,50,0,1,4,23,0,0,무,PA130401
1464,2020-12-24,평택,64,3,2,7,31,0,0,무,PA130401
1465,2020-12-18,평택,61,-1,2,2,33,0,0,무,PA130401
1466,2020-12-27,평택,68,4,1,10,37,0,0,무,PA130401
1467,2020-12-25,평택,56,0,2,4,35,0,0,무,PA130401
1468,,,0,0,0,0,0,0,0,,
1469,2020-12-17,평택,52,-4,1,0,30,0,0,무,PA130401
1470,2020-12-01,평택,58,0,1,6,20,0,0,무,PA130401
1471,2020-12-26,평택,65,2,1,8,33,0,0,무,PA130401
1472,2020-12-03,평택,52,1,2,5,31,0,0,무,PA130401
1473,2020-12-05,평택,75,1,1,6,59,0,0,무,PA130401
1474,,,0,0,0,0,0,0,0,,
1475,2020-12-07,평택,62,3,2,7,39,0,0,무,PA130401
1476,2020-12-04,평택,57,0,1,5,22,0,0,무,PA130401
1477,,,0,0,0,0,0,0,0,,
1478,2020-12-23,평택,74,4,1,9,54,0,0,무,PA130401
1479,2020-12-10,평택,65,6,1,10,46,0,0,무,PA130401
1480,2020-12-15,평택,39,-6,3,-3,24,0,0,무,PA130401
1481,,,0,0,0,0,0,0,0,,
1482,2020-12-19,평택,41,-4,2,0,17,0,0,무,PA130401
1483,2020-12-28,평택,75,5,0,11,36,0,0,무,PA130401
1484,2020-12-13,평택,73,0,2,3,41,1,0,무,PA130401
1485,2020-12-11,평택,76,6,1,10,46,0,0,무,PA130401
1486,2020-12-20,평택,57,-3,1,1,29,0,0,무,PA130401
1487,2020-12-22,평택,70,1,1,7,42,0,0,무,PA130401
